date,Global_active_power,Global_reactive_power,Voltage,Global_intensity,Sub_metering_1,Sub_metering_2,Sub_metering_3,Sub_metering_remainder,dayofweek_sin,dayofweek_cos,month_sin,month_cos,RR,NBJRR1,NBJRR5,NBJRR10
2009-07-10,1187.9695,217.641,242.24911805555556,3.513402777777778,988.0,2625.5,7494.5,8691.491666666667,-0.433883739117558,-0.9009688679024191,-0.4999999999999997,-0.8660254037844388,3.22,10.0,2.0,0.0
2009-07-11,993.968,249.472,242.21479166666666,3.018194444444444,981.0,683.0,7756.0,7146.133333333333,-0.9749279121818236,-0.2225209339563146,-0.4999999999999997,-0.8660254037844388,3.22,10.0,2.0,0.0
2009-07-12,513.478,191.48,242.3049375,1.6009722222222222,0.0,589.0,4060.0,3908.9666666666667,-0.7818314824680299,0.6234898018587334,-0.4999999999999997,-0.8660254037844388,3.22,10.0,2.0,0.0
2009-07-13,496.746,196.526,242.5475138888889,1.5625,0.0,594.0,3881.0,3804.1,0.0,1.0,-0.4999999999999997,-0.8660254037844388,3.22,10.0,2.0,0.0
2009-07-14,911.43,266.574,242.2053888888889,2.8152777777777778,2303.0,618.0,6155.0,6114.5,0.7818314824680298,0.6234898018587336,-0.4999999999999997,-0.8660254037844388,3.22,10.0,2.0,0.0
2009-07-15,718.074,189.692,241.92689583333333,2.1675,878.0,932.0,5820.0,4337.9,0.9749279121818236,-0.22252093395631434,-0.4999999999999997,-0.8660254037844388,3.22,10.0,2.0,0.0
2009-07-16,599.554,259.326,242.11697916666668,1.876111111111111,0.0,1724.0,3902.0,4366.566666666667,0.43388373911755823,-0.900968867902419,-0.4999999999999997,-0.8660254037844388,3.22,10.0,2.0,0.0
2009-07-17,731.808,179.13400000000001,241.59461805555554,2.1952777777777777,0.0,626.0,6670.0,4900.8,-0.433883739117558,-0.9009688679024191,-0.4999999999999997,-0.8660254037844388,3.22,10.0,2.0,0.0
2009-07-18,966.41,218.338,242.00627777777777,2.884861111111111,0.0,663.0,5389.0,10054.833333333334,-0.9749279121818236,-0.2225209339563146,-0.4999999999999997,-0.8660254037844388,3.22,10.0,2.0,0.0
2009-07-19,1203.644,259.25,242.04660416666667,3.5258333333333334,0.0,598.0,5058.0,14404.733333333334,-0.7818314824680299,0.6234898018587334,-0.4999999999999997,-0.8660254037844388,3.22,10.0,2.0,0.0
2009-07-20,662.486,217.864,241.84186111111114,2.0479166666666666,914.0,784.0,4948.0,4395.433333333333,0.0,1.0,-0.4999999999999997,-0.8660254037844388,3.22,10.0,2.0,0.0
2009-07-21,813.7620000000001,266.7,242.522875,2.5005555555555556,0.0,981.0,7795.0,4786.7,0.7818314824680298,0.6234898018587336,-0.4999999999999997,-0.8660254037844388,3.22,10.0,2.0,0.0
2009-07-22,739.532,238.48,242.07941666666665,2.2625,0.0,681.0,3965.0,7679.533333333334,0.9749279121818236,-0.22252093395631434,-0.4999999999999997,-0.8660254037844388,3.22,10.0,2.0,0.0
2009-07-23,1030.0,218.91,241.94331944444446,3.0527777777777776,926.0,622.0,9064.0,6554.666666666667,0.43388373911755823,-0.900968867902419,-0.4999999999999997,-0.8660254037844388,3.22,10.0,2.0,0.0
2009-07-24,561.738,208.536,241.7508263888889,1.756527777777778,0.0,630.0,4128.0,4604.3,-0.433883739117558,-0.9009688679024191,-0.4999999999999997,-0.8660254037844388,3.22,10.0,2.0,0.0
2009-07-25,536.688,195.46,242.09706944444446,1.6822222222222223,0.0,577.0,3716.0,4651.8,-0.9749279121818236,-0.2225209339563146,-0.4999999999999997,-0.8660254037844388,3.22,10.0,2.0,0.0
2009-07-26,543.016,239.798,242.65740277777775,1.7173611111111111,0.0,1019.0,3799.0,4232.266666666666,-0.7818314824680299,0.6234898018587334,-0.4999999999999997,-0.8660254037844388,3.22,10.0,2.0,0.0
2009-07-27,688.566,321.95,242.52809027777778,2.1820833333333334,0.0,2062.0,5202.0,4212.1,0.0,1.0,-0.4999999999999997,-0.8660254037844388,3.22,10.0,2.0,0.0
2009-07-28,902.85,252.766,242.22140972222223,2.7680555555555557,0.0,4899.0,4353.0,5795.5,0.7818314824680298,0.6234898018587336,-0.4999999999999997,-0.8660254037844388,3.22,10.0,2.0,0.0
2009-07-29,902.0,185.468,241.50047222222221,2.711388888888889,869.0,749.0,7549.0,5866.333333333333,0.9749279121818236,-0.22252093395631434,-0.4999999999999997,-0.8660254037844388,3.22,10.0,2.0,0.0
2009-07-30,792.326,198.206,242.4390138888889,2.4106944444444447,0.0,2304.0,4040.0,6861.433333333333,0.43388373911755823,-0.900968867902419,-0.4999999999999997,-0.8660254037844388,3.22,10.0,2.0,0.0
2009-07-31,975.83,228.246,241.87106250000002,3.002222222222222,865.0,3423.0,6302.0,5673.833333333333,-0.433883739117558,-0.9009688679024191,-0.4999999999999997,-0.8660254037844388,3.22,10.0,2.0,0.0
2009-08-01,706.966,242.662,241.50300694444445,2.207361111111111,0.0,844.0,6248.0,4690.766666666666,-0.9749279121818236,-0.2225209339563146,-0.8660254037844384,-0.5000000000000004,0.75,2.0,1.0,0.0
2009-08-02,489.724,205.492,240.94159722222224,1.5684722222222223,0.0,637.0,3539.0,3986.0666666666666,-0.7818314824680299,0.6234898018587334,-0.8660254037844384,-0.5000000000000004,0.75,2.0,1.0,0.0
2009-08-03,500.298,197.3,241.92006944444447,1.5655555555555556,0.0,605.0,3811.0,3922.3,0.0,1.0,-0.8660254037844384,-0.5000000000000004,0.75,2.0,1.0,0.0
2009-08-04,508.892,196.38,242.27648611111113,1.6094444444444445,0.0,607.0,3871.0,4003.5333333333333,0.7818314824680298,0.6234898018587336,-0.8660254037844384,-0.5000000000000004,0.75,2.0,1.0,0.0
2009-08-05,518.652,207.894,242.30757638888886,1.6444444444444444,0.0,620.0,4042.0,3982.2,0.9749279121818236,-0.22252093395631434,-0.8660254037844384,-0.5000000000000004,0.75,2.0,1.0,0.0
2009-08-06,532.672,214.786,241.22875000000002,1.677361111111111,0.0,659.0,4193.0,4025.866666666667,0.43388373911755823,-0.900968867902419,-0.8660254037844384,-0.5000000000000004,0.75,2.0,1.0,0.0
2009-08-07,539.296,221.29,241.3577986111111,1.6958333333333333,0.0,668.0,4232.0,4088.2666666666664,-0.433883739117558,-0.9009688679024191,-0.8660254037844384,-0.5000000000000004,0.75,2.0,1.0,0.0
2009-08-08,526.472,214.068,241.72709722222223,1.6597222222222223,0.0,646.0,4093.0,4035.5333333333333,-0.9749279121818236,-0.2225209339563146,-0.8660254037844384,-0.5000000000000004,0.75,2.0,1.0,0.0
2009-08-09,998.234,284.326,242.04941666666664,3.057222222222222,1984.0,2380.0,5154.0,7119.233333333334,-0.7818314824680299,0.6234898018587334,-0.8660254037844384,-0.5000000000000004,0.75,2.0,1.0,0.0
2009-08-10,1069.358,298.248,241.02849999999998,3.277083333333333,0.0,3719.0,6012.0,8091.633333333333,0.0,1.0,-0.8660254037844384,-0.5000000000000004,0.75,2.0,1.0,0.0
2009-08-11,950.954,307.45,241.84149305555556,2.94875,857.0,1467.0,6577.0,6948.233333333334,0.7818314824680298,0.6234898018587336,-0.8660254037844384,-0.5000000000000004,0.75,2.0,1.0,0.0
2009-08-12,824.436,272.552,241.80827777777776,2.5543055555555556,912.0,689.0,4991.0,7148.6,0.9749279121818236,-0.22252093395631434,-0.8660254037844384,-0.5000000000000004,0.75,2.0,1.0,0.0
2009-08-13,1016.6966666666667,264.69733333333335,241.20528935185183,3.106851851851852,1215.0,4165.0,5120.0,6444.944444444444,0.43388373911755823,-0.900968867902419,-0.8660254037844384,-0.5000000000000004,0.75,2.0,1.0,0.0
2009-08-14,748.676,241.328,241.1795763888889,2.2831944444444447,429.0,850.0,4647.0,6551.933333333333,-0.433883739117558,-0.9009688679024191,-0.8660254037844384,-0.5000000000000004,0.75,2.0,1.0,0.0
2009-08-15,1514.062,384.762,240.8963472222222,4.605833333333333,3437.0,1852.0,8922.0,11023.366666666667,-0.9749279121818236,-0.2225209339563146,-0.8660254037844384,-0.5000000000000004,0.75,2.0,1.0,0.0
2009-08-16,1217.712,409.052,240.52084722222224,3.7944444444444443,1604.0,1094.0,5691.0,11906.2,-0.7818314824680299,0.6234898018587334,-0.8660254037844384,-0.5000000000000004,0.75,2.0,1.0,0.0
2009-08-17,785.908,251.462,241.22044444444444,2.4170833333333333,1.0,813.0,6261.0,6023.466666666666,0.0,1.0,-0.8660254037844384,-0.5000000000000004,0.75,2.0,1.0,0.0
2009-08-18,1080.598,246.724,240.8264861111111,3.2581944444444444,2306.0,1440.0,6324.0,7939.966666666666,0.7818314824680298,0.6234898018587336,-0.8660254037844384,-0.5000000000000004,0.75,2.0,1.0,0.0
2009-08-19,880.742,262.99399999999997,241.54156944444443,2.7259722222222225,896.0,812.0,6044.0,6927.033333333333,0.9749279121818236,-0.22252093395631434,-0.8660254037844384,-0.5000000000000004,0.75,2.0,1.0,0.0
2009-08-20,775.722,260.89,241.08561805555553,2.4233333333333333,0.0,883.0,6138.0,5907.7,0.43388373911755823,-0.900968867902419,-0.8660254037844384,-0.5000000000000004,0.75,2.0,1.0,0.0
2009-08-21,1161.746,262.362,240.61175694444444,3.5033333333333334,3043.0,887.0,7527.0,7905.433333333333,-0.433883739117558,-0.9009688679024191,-0.8660254037844384,-0.5000000000000004,0.75,2.0,1.0,0.0
2009-08-22,1548.738,417.834,241.1232361111111,4.760694444444444,4544.0,3203.0,8549.0,9516.3,-0.9749279121818236,-0.2225209339563146,-0.8660254037844384,-0.5000000000000004,0.75,2.0,1.0,0.0
2009-08-23,1066.708,371.828,241.55547222222222,3.330416666666667,949.0,819.0,6994.0,9016.466666666667,-0.7818314824680299,0.6234898018587334,-0.8660254037844384,-0.5000000000000004,0.75,2.0,1.0,0.0
2009-08-24,1252.254,285.104,241.06553472222222,3.7718055555555554,2279.0,737.0,8247.0,9607.9,0.0,1.0,-0.8660254037844384,-0.5000000000000004,0.75,2.0,1.0,0.0
2009-08-25,943.61,276.826,241.50986111111112,2.889166666666666,1140.0,755.0,6291.0,7540.833333333333,0.7818314824680298,0.6234898018587336,-0.8660254037844384,-0.5000000000000004,0.75,2.0,1.0,0.0
2009-08-26,1136.546,269.214,241.77745833333333,3.4327777777777775,2131.0,1516.0,7860.0,7435.433333333333,0.9749279121818236,-0.22252093395631434,-0.8660254037844384,-0.5000000000000004,0.75,2.0,1.0,0.0
2009-08-27,749.466,251.206,241.638125,2.317638888888889,0.0,664.0,4283.0,7544.1,0.43388373911755823,-0.900968867902419,-0.8660254037844384,-0.5000000000000004,0.75,2.0,1.0,0.0
2009-08-28,1118.842,246.89000000000001,240.8744375,3.3722222222222222,1778.0,1125.0,7485.0,8259.366666666667,-0.433883739117558,-0.9009688679024191,-0.8660254037844384,-0.5000000000000004,0.75,2.0,1.0,0.0
2009-08-29,1388.414,315.52,240.97532638888887,4.183472222222222,905.0,1483.0,11707.0,9045.233333333334,-0.9749279121818236,-0.2225209339563146,-0.8660254037844384,-0.5000000000000004,0.75,2.0,1.0,0.0
2009-08-30,1668.342,294.084,241.08125694444445,4.980277777777778,2653.0,1363.0,10648.0,13141.7,-0.7818314824680299,0.6234898018587334,-0.8660254037844384,-0.5000000000000004,0.75,2.0,1.0,0.0
2009-08-31,1265.522,219.318,238.7429027777778,3.822361111111111,960.0,678.0,9974.0,9480.033333333333,0.0,1.0,-0.8660254037844384,-0.5000000000000004,0.75,2.0,1.0,0.0
2009-09-01,980.536,217.072,241.22110416666666,2.9940277777777777,0.0,697.0,6073.0,9572.266666666666,0.7818314824680298,0.6234898018587336,-1.0,-1.8369701987210297e-16,2.0100000000000002,5.0,2.0,0.0
2009-09-02,1222.814,207.858,241.81777083333336,3.6381944444444443,947.0,659.0,9921.0,8853.233333333334,0.9749279121818236,-0.22252093395631434,-1.0,-1.8369701987210297e-16,2.0100000000000002,5.0,2.0,0.0
2009-09-03,1251.188,213.438,241.33006944444443,3.762083333333333,3319.0,3099.0,5011.0,9424.133333333333,0.43388373911755823,-0.900968867902419,-1.0,-1.8369701987210297e-16,2.0100000000000002,5.0,2.0,0.0
2009-09-04,1024.388,181.064,242.01287499999998,3.05625,0.0,636.0,8095.0,8342.133333333333,-0.433883739117558,-0.9009688679024191,-1.0,-1.8369701987210297e-16,2.0100000000000002,5.0,2.0,0.0
2009-09-05,1513.866,270.068,240.86027777777778,4.530833333333333,2988.0,2248.0,10433.0,9562.1,-0.9749279121818236,-0.2225209339563146,-1.0,-1.8369701987210297e-16,2.0100000000000002,5.0,2.0,0.0
2009-09-06,1228.63,220.532,241.86031944444443,3.665138888888889,995.0,588.0,9031.0,9863.166666666666,-0.7818314824680299,0.6234898018587334,-1.0,-1.8369701987210297e-16,2.0100000000000002,5.0,2.0,0.0
2009-09-07,1221.458,201.492,241.71161805555553,3.6395833333333334,2196.0,577.0,8299.0,9285.633333333333,0.0,1.0,-1.0,-1.8369701987210297e-16,2.0100000000000002,5.0,2.0,0.0
2009-09-08,1086.254,200.204,241.35160416666668,3.2243055555555555,1002.0,577.0,8533.0,7992.233333333334,0.7818314824680298,0.6234898018587336,-1.0,-1.8369701987210297e-16,2.0100000000000002,5.0,2.0,0.0
2009-09-09,1521.344,223.572,241.30850694444445,4.49125,964.0,3832.0,10671.0,9888.733333333334,0.9749279121818236,-0.22252093395631434,-1.0,-1.8369701987210297e-16,2.0100000000000002,5.0,2.0,0.0
2009-09-10,1112.354,202.392,241.2289513888889,3.3091666666666666,928.0,600.0,6508.0,10503.233333333334,0.43388373911755823,-0.900968867902419,-1.0,-1.8369701987210297e-16,2.0100000000000002,5.0,2.0,0.0
2009-09-11,1214.146,183.37800000000001,241.14999305555554,3.565555555555555,0.0,631.0,11693.0,7911.766666666666,-0.433883739117558,-0.9009688679024191,-1.0,-1.8369701987210297e-16,2.0100000000000002,5.0,2.0,0.0
2009-09-12,2064.358,325.196,240.70704861111113,6.1425,9583.0,1202.0,12601.0,11019.966666666667,-0.9749279121818236,-0.2225209339563146,-1.0,-1.8369701987210297e-16,2.0100000000000002,5.0,2.0,0.0
2009-09-13,1571.172,271.31733333333335,240.2506064814815,4.687453703703704,4146.0,612.3333333333334,10178.666666666666,11249.2,-0.7818314824680299,0.6234898018587334,-1.0,-1.8369701987210297e-16,2.0100000000000002,5.0,2.0,0.0
2009-09-14,1574.858,239.666,241.47695833333333,4.6575,2843.0,603.0,9091.0,13710.633333333333,0.0,1.0,-1.0,-1.8369701987210297e-16,2.0100000000000002,5.0,2.0,0.0
2009-09-15,1456.806,184.276,240.99238194444447,4.285,1769.0,560.0,8644.0,13307.1,0.7818314824680298,0.6234898018587336,-1.0,-1.8369701987210297e-16,2.0100000000000002,5.0,2.0,0.0
2009-09-16,1743.162,197.746,240.23129166666666,5.1497222222222225,1035.0,3470.0,13384.0,11163.7,0.9749279121818236,-0.22252093395631434,-1.0,-1.8369701987210297e-16,2.0100000000000002,5.0,2.0,0.0
2009-09-17,1223.426,167.282,241.3606527777778,3.610833333333334,0.0,563.0,9710.0,10117.433333333332,0.43388373911755823,-0.900968867902419,-1.0,-1.8369701987210297e-16,2.0100000000000002,5.0,2.0,0.0
2009-09-18,1374.032,169.212,241.09920138888887,4.038611111111111,1993.0,652.0,9151.0,11104.533333333333,-0.433883739117558,-0.9009688679024191,-1.0,-1.8369701987210297e-16,2.0100000000000002,5.0,2.0,0.0
2009-09-19,2135.71,263.492,240.35401388888891,6.259444444444445,1607.0,4050.0,14845.0,15093.166666666666,-0.9749279121818236,-0.2225209339563146,-1.0,-1.8369701987210297e-16,2.0100000000000002,5.0,2.0,0.0
2009-09-20,2035.328,295.694,241.29544444444446,6.024027777777778,4532.0,2466.0,11935.0,14989.133333333333,-0.7818314824680299,0.6234898018587334,-1.0,-1.8369701987210297e-16,2.0100000000000002,5.0,2.0,0.0
2009-09-21,1417.868,214.166,241.2526875,4.20125,921.0,604.0,10844.0,11262.133333333333,0.0,1.0,-1.0,-1.8369701987210297e-16,2.0100000000000002,5.0,2.0,0.0
2009-09-22,1246.536,207.256,241.18202777777776,3.6991666666666667,937.0,597.0,8502.0,10739.6,0.7818314824680298,0.6234898018587336,-1.0,-1.8369701987210297e-16,2.0100000000000002,5.0,2.0,0.0
2009-09-23,1636.61,235.964,240.74660416666666,4.824722222222222,2085.0,978.0,12884.0,11329.833333333334,0.9749279121818236,-0.22252093395631434,-1.0,-1.8369701987210297e-16,2.0100000000000002,5.0,2.0,0.0
2009-09-24,1426.258,224.076,240.38723611111112,4.234999999999999,1051.0,621.0,10374.0,11724.966666666667,0.43388373911755823,-0.900968867902419,-1.0,-1.8369701987210297e-16,2.0100000000000002,5.0,2.0,0.0
2009-09-25,1161.016,207.89600000000002,241.42292361111112,3.4836111111111108,0.0,594.0,9694.0,9062.266666666666,-0.433883739117558,-0.9009688679024191,-1.0,-1.8369701987210297e-16,2.0100000000000002,5.0,2.0,0.0
2009-09-26,1556.254,288.042,241.17850694444445,4.585277777777778,1943.0,571.0,14581.0,8842.566666666668,-0.9749279121818236,-0.2225209339563146,-1.0,-1.8369701987210297e-16,2.0100000000000002,5.0,2.0,0.0
2009-09-27,1410.472,230.484,241.22180555555556,4.200555555555556,1817.0,4571.0,8554.0,8565.866666666667,-0.7818314824680299,0.6234898018587334,-1.0,-1.8369701987210297e-16,2.0100000000000002,5.0,2.0,0.0
2009-09-28,1299.456,193.198,241.72634027777778,3.795416666666666,0.0,603.0,10797.0,10257.6,0.0,1.0,-1.0,-1.8369701987210297e-16,2.0100000000000002,5.0,2.0,0.0
2009-09-29,1146.398,199.87800000000001,240.8973472222222,3.3938888888888887,1031.0,603.0,7322.0,10150.633333333333,0.7818314824680298,0.6234898018587336,-1.0,-1.8369701987210297e-16,2.0100000000000002,5.0,2.0,0.0
2009-09-30,1775.9155,212.6235,240.75527430555553,5.234479166666667,970.5,8080.5,9238.0,11309.591666666667,0.9749279121818236,-0.22252093395631434,-1.0,-1.8369701987210297e-16,2.0100000000000002,5.0,2.0,0.0
2009-10-01,1287.252,185.416,241.52952083333335,3.7866666666666666,950.0,602.0,9433.0,10469.2,0.43388373911755823,-0.900968867902419,-0.8660254037844386,0.5000000000000001,5.0200000000000005,10.0,3.0,2.0
2009-10-02,1152.668,183.156,240.75888194444443,3.386111111111111,0.0,570.0,10142.0,8499.133333333333,-0.433883739117558,-0.9009688679024191,-0.8660254037844386,0.5000000000000001,5.0200000000000005,10.0,3.0,2.0
2009-10-03,1716.74,255.39600000000002,240.63635416666665,5.050416666666667,3644.0,920.0,14480.0,9568.333333333334,-0.9749279121818236,-0.2225209339563146,-0.8660254037844386,0.5000000000000001,5.0200000000000005,10.0,3.0,2.0
2009-10-04,1621.106,225.21,240.6988611111111,4.815138888888889,3189.0,3499.0,8980.0,11350.433333333332,-0.7818314824680299,0.6234898018587334,-0.8660254037844386,0.5000000000000001,5.0200000000000005,10.0,3.0,2.0
2009-10-05,1275.522,161.54,241.22052083333332,3.698611111111111,984.0,542.0,7983.0,11749.7,0.0,1.0,-0.8660254037844386,0.5000000000000001,5.0200000000000005,10.0,3.0,2.0
2009-10-06,1428.448,179.276,241.18004861111112,4.170972222222222,1.0,543.0,8806.0,14457.466666666667,0.7818314824680298,0.6234898018587336,-0.8660254037844386,0.5000000000000001,5.0200000000000005,10.0,3.0,2.0
2009-10-07,1821.834,207.422,241.2119583333333,5.339027777777778,734.0,4334.0,9908.0,15387.9,0.9749279121818236,-0.22252093395631434,-0.8660254037844386,0.5000000000000001,5.0200000000000005,10.0,3.0,2.0
2009-10-08,1577.166,186.614,241.06977777777777,4.583888888888889,2091.0,619.0,11568.0,12008.1,0.43388373911755823,-0.900968867902419,-0.8660254037844386,0.5000000000000001,5.0200000000000005,10.0,3.0,2.0
2009-10-09,1351.862,188.418,240.81015277777777,3.953611111111111,0.0,559.0,10718.0,11254.033333333333,-0.433883739117558,-0.9009688679024191,-0.8660254037844386,0.5000000000000001,5.0200000000000005,10.0,3.0,2.0
2009-10-10,2012.756,255.622,239.76139583333332,5.927222222222222,4510.0,570.0,14811.0,13654.933333333332,-0.9749279121818236,-0.2225209339563146,-0.8660254037844386,0.5000000000000001,5.0200000000000005,10.0,3.0,2.0
2009-10-11,1939.1513333333332,268.78866666666664,240.64817129629628,5.745462962962963,4111.333333333333,6454.333333333333,8654.333333333334,13099.188888888888,-0.7818314824680299,0.6234898018587334,-0.8660254037844386,0.5000000000000001,5.0200000000000005,10.0,3.0,2.0
2009-10-12,1351.604,157.714,240.22382638888888,3.968611111111111,997.0,515.0,9420.0,11594.733333333334,0.0,1.0,-0.8660254037844386,0.5000000000000001,5.0200000000000005,10.0,3.0,2.0
2009-10-13,1449.1,165.392,240.24728472222225,4.249722222222222,983.0,530.0,9530.0,13108.666666666666,0.7818314824680298,0.6234898018587336,-0.8660254037844386,0.5000000000000001,5.0200000000000005,10.0,3.0,2.0
2009-10-14,1711.224,175.09,239.7594652777778,5.004583333333334,2001.0,3131.0,10013.0,13375.4,0.9749279121818236,-0.22252093395631434,-0.8660254037844386,0.5000000000000001,5.0200000000000005,10.0,3.0,2.0
2009-10-15,1489.9759999999999,139.632,241.12213194444445,4.324305555555555,1629.0,463.0,9641.0,13099.933333333332,0.43388373911755823,-0.900968867902419,-0.8660254037844386,0.5000000000000001,5.0200000000000005,10.0,3.0,2.0
2009-10-16,1516.86,145.38400000000001,240.24599999999998,4.415138888888889,0.0,482.0,11136.0,13663.0,-0.433883739117558,-0.9009688679024191,-0.8660254037844386,0.5000000000000001,5.0200000000000005,10.0,3.0,2.0
2009-10-17,2742.08,261.152,238.8905625,8.045555555555556,5490.0,4364.0,18326.0,17521.333333333332,-0.9749279121818236,-0.2225209339563146,-0.8660254037844386,0.5000000000000001,5.0200000000000005,10.0,3.0,2.0
2009-10-18,1556.164,142.644,240.7508402777778,4.500555555555556,712.0,499.0,11144.0,13581.066666666668,-0.7818314824680299,0.6234898018587334,-0.8660254037844386,0.5000000000000001,5.0200000000000005,10.0,3.0,2.0
2009-10-19,1369.108,134.358,242.26024305555555,3.9530555555555553,1104.0,457.0,8227.0,13030.466666666667,0.0,1.0,-0.8660254037844386,0.5000000000000001,5.0200000000000005,10.0,3.0,2.0
2009-10-20,1722.808,151.558,242.52750694444444,4.975,760.0,450.0,11005.0,16498.466666666667,0.7818314824680298,0.6234898018587336,-0.8660254037844386,0.5000000000000001,5.0200000000000005,10.0,3.0,2.0
2009-10-21,1969.506,192.17,242.30701388888886,5.713333333333334,2031.0,5916.0,8569.0,16309.1,0.9749279121818236,-0.22252093395631434,-0.8660254037844386,0.5000000000000001,5.0200000000000005,10.0,3.0,2.0
2009-10-22,1399.71,155.85,242.4139583333333,4.042361111111111,0.0,492.0,11074.0,11762.5,0.43388373911755823,-0.900968867902419,-0.8660254037844386,0.5000000000000001,5.0200000000000005,10.0,3.0,2.0
2009-10-23,1757.45,196.704,241.09628472222224,5.144861111111111,3180.0,495.0,11696.0,13919.833333333334,-0.433883739117558,-0.9009688679024191,-0.8660254037844386,0.5000000000000001,5.0200000000000005,10.0,3.0,2.0
2009-10-24,2614.408,218.464,239.8931875,7.658472222222223,6202.0,518.0,15941.0,20912.466666666667,-0.9749279121818236,-0.2225209339563146,-0.8660254037844386,0.5000000000000001,5.0200000000000005,10.0,3.0,2.0
2009-10-25,2406.536,243.182,239.92554861111108,7.070277777777778,3010.0,6181.0,13691.0,17226.933333333334,-0.7818314824680299,0.6234898018587334,-0.8660254037844386,0.5000000000000001,5.0200000000000005,10.0,3.0,2.0
2009-10-26,1112.344,160.216,241.53043055555557,3.2391666666666663,475.0,468.0,5788.0,11808.066666666668,0.0,1.0,-0.8660254037844386,0.5000000000000001,5.0200000000000005,10.0,3.0,2.0
2009-10-27,1116.756,173.798,241.2427638888889,3.27,579.0,449.0,8367.0,9217.6,0.7818314824680298,0.6234898018587336,-0.8660254037844386,0.5000000000000001,5.0200000000000005,10.0,3.0,2.0
2009-10-28,1268.708,164.972,241.40815277777776,3.6894444444444447,1044.0,463.0,9318.0,10320.133333333333,0.9749279121818236,-0.22252093395631434,-0.8660254037844386,0.5000000000000001,5.0200000000000005,10.0,3.0,2.0
2009-10-29,1981.44,251.842,240.3468611111111,5.853333333333333,765.0,4125.0,5677.0,22457.0,0.43388373911755823,-0.900968867902419,-0.8660254037844386,0.5000000000000001,5.0200000000000005,10.0,3.0,2.0
2009-10-30,1493.358,168.534,241.48033333333333,4.352083333333334,1779.0,2005.0,8828.0,12277.3,-0.433883739117558,-0.9009688679024191,-0.8660254037844386,0.5000000000000001,5.0200000000000005,10.0,3.0,2.0
2009-10-31,1875.942,171.058,240.51906250000002,5.452638888888889,1773.0,2514.0,14637.0,12341.7,-0.9749279121818236,-0.2225209339563146,-0.8660254037844386,0.5000000000000001,5.0200000000000005,10.0,3.0,2.0
2009-11-01,1843.168,221.902,240.92416666666665,5.388333333333334,1970.0,470.0,12215.0,16064.466666666667,-0.7818314824680299,0.6234898018587334,-0.5000000000000004,0.8660254037844384,6.04,16.0,4.0,1.0
2009-11-02,1504.2259999999999,170.082,241.28460416666667,4.4006944444444445,1881.0,471.0,7490.0,15228.433333333332,0.0,1.0,-0.5000000000000004,0.8660254037844384,6.04,16.0,4.0,1.0
2009-11-03,2266.688,241.762,241.14193055555555,6.631805555555555,2009.0,3951.0,9025.0,22793.133333333335,0.7818314824680298,0.6234898018587336,-0.5000000000000004,0.8660254037844384,6.04,16.0,4.0,1.0
2009-11-04,1801.8,172.428,242.07813194444446,5.230833333333333,1075.0,4008.0,12246.0,12701.0,0.9749279121818236,-0.22252093395631434,-0.5000000000000004,0.8660254037844384,6.04,16.0,4.0,1.0
2009-11-05,1560.466,159.064,241.6652777777778,4.538611111111111,1105.0,532.0,9868.0,14502.766666666666,0.43388373911755823,-0.900968867902419,-0.5000000000000004,0.8660254037844384,6.04,16.0,4.0,1.0
2009-11-06,1390.45,169.354,242.56815972222225,4.030972222222222,0.0,442.0,11326.0,11406.166666666666,-0.433883739117558,-0.9009688679024191,-0.5000000000000004,0.8660254037844384,6.04,16.0,4.0,1.0
2009-11-07,1557.176,197.68,241.87858333333332,4.510416666666667,2187.0,408.0,10014.0,13343.933333333332,-0.9749279121818236,-0.2225209339563146,-0.5000000000000004,0.8660254037844384,6.04,16.0,4.0,1.0
2009-11-08,2508.002,226.688,243.25039583333333,7.242777777777778,4941.0,2075.0,14871.0,19913.033333333333,-0.7818314824680299,0.6234898018587334,-0.5000000000000004,0.8660254037844384,6.04,16.0,4.0,1.0
2009-11-09,1407.167,178.03,243.57372222222222,4.0981250000000005,1125.5,430.0,7637.25,14260.033333333333,0.0,1.0,-0.5000000000000004,0.8660254037844384,6.04,16.0,4.0,1.0
2009-11-10,1606.184,167.302,242.50097916666664,4.648194444444444,1118.0,432.0,11788.0,13431.733333333334,0.7818314824680298,0.6234898018587336,-0.5000000000000004,0.8660254037844384,6.04,16.0,4.0,1.0
2009-11-11,2040.48,223.068,242.37135416666666,5.974722222222223,2338.0,5105.0,11214.0,15351.0,0.9749279121818236,-0.22252093395631434,-0.5000000000000004,0.8660254037844384,6.04,16.0,4.0,1.0
2009-11-12,1463.066,153.198,242.2066736111111,4.253333333333334,1486.0,429.0,9403.0,13066.433333333332,0.43388373911755823,-0.900968867902419,-0.5000000000000004,0.8660254037844384,6.04,16.0,4.0,1.0
2009-11-13,1532.926,156.932,241.23570833333332,4.456388888888889,1856.0,407.0,9178.0,14107.766666666666,-0.433883739117558,-0.9009688679024191,-0.5000000000000004,0.8660254037844384,6.04,16.0,4.0,1.0
2009-11-14,2560.456,245.848,240.22240277777777,7.4534722222222225,4169.0,2411.0,18868.0,17226.266666666666,-0.9749279121818236,-0.2225209339563146,-0.5000000000000004,0.8660254037844384,6.04,16.0,4.0,1.0
2009-11-15,1967.308,211.148,240.32536805555557,5.778472222222222,991.0,5278.0,9446.0,17073.466666666667,-0.7818314824680299,0.6234898018587334,-0.5000000000000004,0.8660254037844384,6.04,16.0,4.0,1.0
2009-11-16,1514.468,157.194,241.884875,4.403194444444445,2021.0,545.0,9354.0,13321.133333333333,0.0,1.0,-0.5000000000000004,0.8660254037844384,6.04,16.0,4.0,1.0
2009-11-17,1708.294,167.62800000000001,242.66059722222224,4.913472222222222,0.0,453.0,11616.0,16402.566666666666,0.7818314824680298,0.6234898018587336,-0.5000000000000004,0.8660254037844384,6.04,16.0,4.0,1.0
2009-11-18,2639.174,203.88,241.29666666666668,7.685833333333334,6012.0,7655.0,13787.0,16532.233333333334,0.9749279121818236,-0.22252093395631434,-0.5000000000000004,0.8660254037844384,6.04,16.0,4.0,1.0
2009-11-19,1474.848,149.054,242.97506944444442,4.251111111111111,0.0,481.0,10936.0,13163.8,0.43388373911755823,-0.900968867902419,-0.5000000000000004,0.8660254037844384,6.04,16.0,4.0,1.0
2009-11-20,1961.016,146.026,241.58236805555555,5.692222222222222,843.0,407.0,12816.0,18617.6,-0.433883739117558,-0.9009688679024191,-0.5000000000000004,0.8660254037844384,6.04,16.0,4.0,1.0
2009-11-21,2496.856,211.304,240.62086805555555,7.281111111111111,5694.0,1997.0,12553.0,21370.266666666666,-0.9749279121818236,-0.2225209339563146,-0.5000000000000004,0.8660254037844384,6.04,16.0,4.0,1.0
2009-11-22,2450.976,222.638,241.0777013888889,7.193194444444445,6774.0,411.0,16097.0,17567.6,-0.7818314824680299,0.6234898018587334,-0.5000000000000004,0.8660254037844384,6.04,16.0,4.0,1.0
2009-11-23,1471.122,148.338,242.7427152777778,4.236666666666666,0.0,402.0,8230.0,15886.7,0.0,1.0,-0.5000000000000004,0.8660254037844384,6.04,16.0,4.0,1.0
2009-11-24,2128.856,153.82,241.9765277777778,6.179861111111111,2491.0,4579.0,9086.0,19324.933333333334,0.7818314824680298,0.6234898018587336,-0.5000000000000004,0.8660254037844384,6.04,16.0,4.0,1.0
2009-11-25,1980.13,175.476,241.17878472222222,5.770277777777778,745.0,5083.0,10596.0,16578.166666666668,0.9749279121818236,-0.22252093395631434,-0.5000000000000004,0.8660254037844384,6.04,16.0,4.0,1.0
2009-11-26,1599.626,141.542,242.6434652777778,4.61125,2262.0,407.0,10069.0,13922.433333333332,0.43388373911755823,-0.900968867902419,-0.5000000000000004,0.8660254037844384,6.04,16.0,4.0,1.0
2009-11-27,1380.026,133.052,241.85881944444446,3.9611111111111112,0.0,396.0,11599.0,11005.433333333332,-0.433883739117558,-0.9009688679024191,-0.5000000000000004,0.8660254037844384,6.04,16.0,4.0,1.0
2009-11-28,1858.95,225.218,241.5964513888889,5.4061111111111115,3199.0,386.0,14350.0,13047.5,-0.9749279121818236,-0.2225209339563146,-0.5000000000000004,0.8660254037844384,6.04,16.0,4.0,1.0
2009-11-29,1650.962,191.056,243.30872222222223,4.776666666666666,1073.0,3061.0,7828.0,15554.033333333333,-0.7818314824680299,0.6234898018587334,-0.5000000000000004,0.8660254037844384,6.04,16.0,4.0,1.0
2009-11-30,1745.19,153.382,243.76430555555555,5.022361111111111,1080.0,361.0,12039.0,15606.5,0.0,1.0,-0.5000000000000004,0.8660254037844384,6.04,16.0,4.0,1.0
2009-12-01,1756.378,141.874,242.63315277777778,5.078333333333333,0.0,354.0,10821.0,18097.966666666667,0.7818314824680298,0.6234898018587336,-2.4492935982947064e-16,1.0,7.290000000000001,15.0,8.0,1.0
2009-12-02,2345.668,170.23,241.6693125,6.819722222222222,1143.0,7052.0,12851.0,18048.466666666667,0.9749279121818236,-0.22252093395631434,-2.4492935982947064e-16,1.0,7.290000000000001,15.0,8.0,1.0
2009-12-03,1479.688,145.222,243.28409722222221,4.293333333333333,1039.0,402.0,9906.0,13314.466666666667,0.43388373911755823,-0.900968867902419,-2.4492935982947064e-16,1.0,7.290000000000001,15.0,8.0,1.0
2009-12-04,1711.294,183.222,243.38570138888886,4.985138888888889,1158.0,352.0,9134.0,17877.566666666666,-0.433883739117558,-0.9009688679024191,-2.4492935982947064e-16,1.0,7.290000000000001,15.0,8.0,1.0
2009-12-05,2351.762,274.112,241.29875694444445,6.922499999999999,3822.0,351.0,13324.0,21699.033333333333,-0.9749279121818236,-0.2225209339563146,-2.4492935982947064e-16,1.0,7.290000000000001,15.0,8.0,1.0
2009-12-06,2378.288,291.892,241.26927083333334,6.983333333333333,2850.0,4175.0,12420.0,20193.133333333335,-0.7818314824680299,0.6234898018587334,-2.4492935982947064e-16,1.0,7.290000000000001,15.0,8.0,1.0
2009-12-07,1742.638,165.088,242.54359722222225,5.065833333333334,1132.0,358.0,10291.0,17262.966666666667,0.0,1.0,-2.4492935982947064e-16,1.0,7.290000000000001,15.0,8.0,1.0
2009-12-08,2006.884,179.192,243.73107638888888,5.790277777777778,1108.0,350.0,15376.0,16614.066666666666,0.7818314824680298,0.6234898018587336,-2.4492935982947064e-16,1.0,7.290000000000001,15.0,8.0,1.0
2009-12-09,1802.356,187.594,242.40731944444443,5.2498611111111115,2054.0,3355.0,7971.0,16659.266666666666,0.9749279121818236,-0.22252093395631434,-2.4492935982947064e-16,1.0,7.290000000000001,15.0,8.0,1.0
2009-12-10,2059.4805,223.597,241.78143055555557,5.975798611111111,2842.0,350.5,15426.5,15705.675,0.43388373911755823,-0.900968867902419,-2.4492935982947064e-16,1.0,7.290000000000001,15.0,8.0,1.0
2009-12-11,1784.462,219.624,244.29111805555556,5.130833333333333,1546.0,385.0,11251.0,16559.033333333333,-0.433883739117558,-0.9009688679024191,-2.4492935982947064e-16,1.0,7.290000000000001,15.0,8.0,1.0
2009-12-12,1816.38,248.73,244.9389513888889,5.2612499999999995,1087.0,4120.0,8198.0,16868.0,-0.9749279121818236,-0.2225209339563146,-2.4492935982947064e-16,1.0,7.290000000000001,15.0,8.0,1.0
2009-12-13,2138.814,222.19,244.4975972222222,6.164861111111111,3984.0,417.0,13178.0,18067.9,-0.7818314824680299,0.6234898018587334,-2.4492935982947064e-16,1.0,7.290000000000001,15.0,8.0,1.0
2009-12-14,1794.862,151.982,246.1488125,5.122222222222222,1090.0,2280.0,10742.0,15802.366666666667,0.0,1.0,-2.4492935982947064e-16,1.0,7.290000000000001,15.0,8.0,1.0
2009-12-15,1940.116,162.344,246.04318055555555,5.514583333333333,1111.0,392.0,14084.0,16748.266666666666,0.7818314824680298,0.6234898018587336,-2.4492935982947064e-16,1.0,7.290000000000001,15.0,8.0,1.0
2009-12-16,1394.874,154.43,247.21586805555555,3.993333333333333,1143.0,2943.0,8104.0,11057.9,0.9749279121818236,-0.22252093395631434,-2.4492935982947064e-16,1.0,7.290000000000001,15.0,8.0,1.0
2009-12-17,1717.182,148.97,246.89413194444444,4.84125,0.0,308.0,14395.0,13916.7,0.43388373911755823,-0.900968867902419,-2.4492935982947064e-16,1.0,7.290000000000001,15.0,8.0,1.0
2009-12-18,1744.706,160.418,246.5948541666667,4.968333333333333,1195.0,304.0,11466.0,16113.433333333332,-0.433883739117558,-0.9009688679024191,-2.4492935982947064e-16,1.0,7.290000000000001,15.0,8.0,1.0
2009-12-19,2204.334,137.608,245.93454166666666,6.242916666666666,1165.0,2662.0,13681.0,19230.9,-0.9749279121818236,-0.2225209339563146,-2.4492935982947064e-16,1.0,7.290000000000001,15.0,8.0,1.0
2009-12-20,1144.166,122.1,247.43500694444444,3.2444444444444445,1237.0,313.0,7795.0,9724.433333333332,-0.7818314824680299,0.6234898018587334,-2.4492935982947064e-16,1.0,7.290000000000001,15.0,8.0,1.0
2009-12-21,2034.966,171.948,246.4092152777778,5.778333333333332,3293.0,282.0,11473.0,18868.1,0.0,1.0,-2.4492935982947064e-16,1.0,7.290000000000001,15.0,8.0,1.0
2009-12-22,1888.022,153.362,245.73843749999997,5.365694444444444,0.0,285.0,15829.0,15353.033333333333,0.7818314824680298,0.6234898018587336,-2.4492935982947064e-16,1.0,7.290000000000001,15.0,8.0,1.0
2009-12-23,1455.2,135.416,246.87896527777778,4.121388888888889,1143.0,284.0,11205.0,11621.333333333334,0.9749279121818236,-0.22252093395631434,-2.4492935982947064e-16,1.0,7.290000000000001,15.0,8.0,1.0
2009-12-24,2905.894,203.66,245.83511805555557,8.29361111111111,5184.0,5575.0,15198.0,22474.566666666666,0.43388373911755823,-0.900968867902419,-2.4492935982947064e-16,1.0,7.290000000000001,15.0,8.0,1.0
2009-12-25,2127.648,192.384,243.58829861111113,6.127638888888888,3371.0,3895.0,14288.0,13906.8,-0.433883739117558,-0.9009688679024191,-2.4492935982947064e-16,1.0,7.290000000000001,15.0,8.0,1.0
2009-12-26,2183.618,160.88400000000001,242.46571527777778,6.30638888888889,1186.0,4294.0,16047.0,14866.633333333333,-0.9749279121818236,-0.2225209339563146,-2.4492935982947064e-16,1.0,7.290000000000001,15.0,8.0,1.0
2009-12-27,2195.4519999999998,207.16400000000002,242.66604166666664,6.364722222222222,4218.0,318.0,12450.0,19604.866666666665,-0.7818314824680299,0.6234898018587334,-2.4492935982947064e-16,1.0,7.290000000000001,15.0,8.0,1.0
2009-12-28,2094.098,181.668,243.77761111111113,6.033333333333333,2175.0,2063.0,14934.0,15729.633333333333,0.0,1.0,-2.4492935982947064e-16,1.0,7.290000000000001,15.0,8.0,1.0
2009-12-29,2047.968,242.05,243.18301388888887,5.912638888888889,1260.0,346.0,10205.0,22321.8,0.7818314824680298,0.6234898018587336,-2.4492935982947064e-16,1.0,7.290000000000001,15.0,8.0,1.0
2009-12-30,2451.11,266.794,241.05222916666668,7.168472222222222,5284.0,4539.0,12484.0,18544.833333333332,0.9749279121818236,-0.22252093395631434,-2.4492935982947064e-16,1.0,7.290000000000001,15.0,8.0,1.0
2009-12-31,2211.892,186.612,240.95881944444446,6.401666666666666,0.0,387.0,19409.0,17068.866666666665,0.43388373911755823,-0.900968867902419,-2.4492935982947064e-16,1.0,7.290000000000001,15.0,8.0,1.0
2010-01-01,1224.252,165.336,242.56572222222223,3.537083333333333,2304.0,327.0,3558.0,14215.2,-0.433883739117558,-0.9009688679024191,0.49999999999999994,0.8660254037844387,3.54,7.0,3.0,1.0
2010-01-02,1311.7085,199.819,244.67253819444446,3.8196180555555554,801.5,306.0,6438.0,14316.308333333332,-0.9749279121818236,-0.2225209339563146,0.49999999999999994,0.8660254037844387,3.54,7.0,3.0,1.0
2010-01-03,2083.454,191.61,243.74452777777776,6.044166666666667,3842.0,4920.0,10074.0,15888.233333333334,-0.7818314824680299,0.6234898018587334,0.49999999999999994,0.8660254037844387,3.54,7.0,3.0,1.0
2010-01-04,1604.132,156.404,245.69911805555554,4.599444444444444,0.0,292.0,10812.0,15631.533333333333,0.0,1.0,0.49999999999999994,0.8660254037844387,3.54,7.0,3.0,1.0
2010-01-05,2219.78,148.936,244.5210347222222,6.347083333333333,1785.0,293.0,16468.0,18450.333333333332,0.7818314824680298,0.6234898018587336,0.49999999999999994,0.8660254037844387,3.54,7.0,3.0,1.0
2010-01-06,1777.18,152.08,245.2348125,5.112083333333333,1731.0,3256.0,11359.0,13273.666666666666,0.9749279121818236,-0.22252093395631434,0.49999999999999994,0.8660254037844387,3.54,7.0,3.0,1.0
2010-01-07,1769.442,115.024,244.90856250000002,5.069722222222222,1198.0,255.0,12936.0,15101.7,0.43388373911755823,-0.900968867902419,0.49999999999999994,0.8660254037844387,3.54,7.0,3.0,1.0
2010-01-08,1797.208,159.78,244.4048125,5.151388888888889,0.0,994.0,12531.0,16428.466666666667,-0.433883739117558,-0.9009688679024191,0.49999999999999994,0.8660254037844387,3.54,7.0,3.0,1.0
2010-01-09,2336.9,199.4,243.8697361111111,6.733472222222223,2781.0,4855.0,14734.0,16578.333333333332,-0.9749279121818236,-0.2225209339563146,0.49999999999999994,0.8660254037844387,3.54,7.0,3.0,1.0
2010-01-10,2508.466,227.17000000000002,243.84061805555555,7.226388888888889,3564.0,2032.0,14108.0,22103.766666666666,-0.7818314824680299,0.6234898018587334,0.49999999999999994,0.8660254037844387,3.54,7.0,3.0,1.0
2010-01-11,1518.684,156.206,246.0691111111111,4.335138888888889,1251.0,340.0,10279.0,13441.4,0.0,1.0,0.49999999999999994,0.8660254037844387,3.54,7.0,3.0,1.0
2010-01-12,2367.28,193.45266666666666,243.88490509259256,6.8093518518518525,1046.0,3751.6666666666665,16687.0,17970.0,0.7818314824680298,0.6234898018587336,0.49999999999999994,0.8660254037844387,3.54,7.0,3.0,1.0
2010-01-13,2296.6033333333335,166.90066666666667,243.32711805555556,6.6376388888888895,2030.6666666666667,4333.333333333333,14692.0,17220.722222222223,0.9749279121818236,-0.22252093395631434,0.49999999999999994,0.8660254037844387,3.54,7.0,3.0,1.0
2010-01-14,1865.1153333333334,189.59666666666666,244.2637037037037,5.373333333333334,2193.6666666666665,394.0,11946.666666666666,16550.922222222223,0.43388373911755823,-0.900968867902419,0.49999999999999994,0.8660254037844387,3.54,7.0,3.0,1.0
2010-01-15,2196.76,218.29,243.72576388888888,6.335,1957.0,2952.0,13546.0,18157.666666666668,-0.433883739117558,-0.9009688679024191,0.49999999999999994,0.8660254037844387,3.54,7.0,3.0,1.0
2010-01-16,2150.112,242.518,243.0452361111111,6.219722222222222,2605.0,2415.0,13652.0,17163.2,-0.9749279121818236,-0.2225209339563146,0.49999999999999994,0.8660254037844387,3.54,7.0,3.0,1.0
2010-01-17,1906.556,188.986,242.54300694444444,5.521527777777778,1992.0,298.0,15044.0,14441.933333333332,-0.7818314824680299,0.6234898018587334,0.49999999999999994,0.8660254037844387,3.54,7.0,3.0,1.0
2010-01-18,1881.098,191.772,243.63636805555555,5.4215277777777775,617.0,295.0,12981.0,17458.63333333333,0.0,1.0,0.49999999999999994,0.8660254037844387,3.54,7.0,3.0,1.0
2010-01-19,2433.508,161.754,243.02311111111112,7.004583333333334,2044.0,653.0,19311.0,18550.466666666667,0.7818314824680298,0.6234898018587336,0.49999999999999994,0.8660254037844387,3.54,7.0,3.0,1.0
2010-01-20,2351.728,199.86,242.76043750000002,6.810694444444445,2317.0,3341.0,14563.0,18974.466666666667,0.9749279121818236,-0.22252093395631434,0.49999999999999994,0.8660254037844387,3.54,7.0,3.0,1.0
2010-01-21,2137.8559999999998,185.42,242.95125,6.161944444444445,894.0,449.0,16451.0,17836.933333333334,0.43388373911755823,-0.900968867902419,0.49999999999999994,0.8660254037844387,3.54,7.0,3.0,1.0
2010-01-22,1790.626,156.858,241.8501736111111,5.183194444444444,699.0,352.0,14512.0,14280.766666666666,-0.433883739117558,-0.9009688679024191,0.49999999999999994,0.8660254037844387,3.54,7.0,3.0,1.0
2010-01-23,2610.677,260.516,240.83097569444442,7.66625,3154.0,4086.5,16035.5,20235.283333333333,-0.9749279121818236,-0.2225209339563146,0.49999999999999994,0.8660254037844387,3.54,7.0,3.0,1.0
2010-01-24,2269.42,175.238,241.74617361111112,6.605138888888889,3496.0,2760.0,11046.0,20521.666666666668,-0.7818314824680299,0.6234898018587334,0.49999999999999994,0.8660254037844387,3.54,7.0,3.0,1.0
2010-01-25,1930.51,147.674,242.8986111111111,5.55,1368.0,455.0,16136.0,14216.166666666666,0.0,1.0,0.49999999999999994,0.8660254037844387,3.54,7.0,3.0,1.0
2010-01-26,2067.564,130.93,243.33947916666665,5.903472222222222,526.0,395.0,16243.0,17295.4,0.7818314824680298,0.6234898018587336,0.49999999999999994,0.8660254037844387,3.54,7.0,3.0,1.0
2010-01-27,2760.902,148.762,241.98610416666665,7.990138888888889,2044.0,6403.0,18154.0,19414.033333333333,0.9749279121818236,-0.22252093395631434,0.49999999999999994,0.8660254037844387,3.54,7.0,3.0,1.0
2010-01-28,2110.234,158.52,243.2490347222222,6.0633333333333335,2032.0,504.0,14987.0,17647.566666666666,0.43388373911755823,-0.900968867902419,0.49999999999999994,0.8660254037844387,3.54,7.0,3.0,1.0
2010-01-29,2092.99,147.674,243.63280555555554,5.978611111111111,1488.0,851.0,18061.0,14483.166666666666,-0.433883739117558,-0.9009688679024191,0.49999999999999994,0.8660254037844387,3.54,7.0,3.0,1.0
2010-01-30,2842.728,235.996,242.07939583333334,8.307222222222222,3240.0,7544.0,17891.0,18703.8,-0.9749279121818236,-0.2225209339563146,0.49999999999999994,0.8660254037844387,3.54,7.0,3.0,1.0
2010-01-31,1799.196,171.516,243.40263888888887,5.202222222222222,1715.0,1380.0,12569.0,14322.6,-0.7818314824680299,0.6234898018587334,0.49999999999999994,0.8660254037844387,3.54,7.0,3.0,1.0
2010-02-01,1693.778,124.784,243.63174305555557,4.857777777777778,1111.0,367.0,14623.0,12128.633333333333,0.0,1.0,0.8660254037844386,0.5000000000000001,5.26,12.0,3.0,2.0
2010-02-02,2157.432,131.168,243.33281944444445,6.148333333333333,0.0,382.0,21536.0,14039.2,0.7818314824680298,0.6234898018587336,0.8660254037844386,0.5000000000000001,5.26,12.0,3.0,2.0
2010-02-03,2903.014,183.692,242.3880763888889,8.37,2234.0,8423.0,21130.0,16596.566666666666,0.9749279121818236,-0.22252093395631434,0.8660254037844386,0.5000000000000001,5.26,12.0,3.0,2.0
2010-02-04,2316.27,141.848,242.10079166666668,6.643888888888889,1074.0,532.0,23743.0,13255.5,0.43388373911755823,-0.900968867902419,0.8660254037844386,0.5000000000000001,5.26,12.0,3.0,2.0
2010-02-05,2098.892,142.978,241.94126388888887,6.075416666666667,902.0,474.0,18008.0,15597.533333333333,-0.433883739117558,-0.9009688679024191,0.8660254037844386,0.5000000000000001,5.26,12.0,3.0,2.0
2010-02-06,2712.986,296.614,241.09206944444446,7.933194444444444,4324.0,2209.0,17857.0,20826.433333333334,-0.9749279121818236,-0.2225209339563146,0.8660254037844386,0.5000000000000001,5.26,12.0,3.0,2.0
2010-02-07,1625.708,162.466,242.68447222222224,4.726805555555556,2736.0,3837.0,5546.0,14976.133333333333,-0.7818314824680299,0.6234898018587334,0.8660254037844386,0.5000000000000001,5.26,12.0,3.0,2.0
2010-02-08,2582.238,139.75,241.99677777777777,7.4075,1161.0,431.0,19764.0,21681.3,0.0,1.0,0.8660254037844386,0.5000000000000001,5.26,12.0,3.0,2.0
2010-02-09,2420.932,139.712,243.1503680555556,6.920138888888889,1214.0,410.0,19769.0,18955.866666666665,0.7818314824680298,0.6234898018587336,0.8660254037844386,0.5000000000000001,5.26,12.0,3.0,2.0
2010-02-10,1946.5753333333334,141.78666666666666,242.44871296296296,5.610787037037038,1219.0,2976.0,12222.666666666666,16025.255555555555,0.9749279121818236,-0.22252093395631434,0.8660254037844386,0.5000000000000001,5.26,12.0,3.0,2.0
2010-02-11,1369.768,124.15,244.51238194444446,3.9073611111111113,0.0,330.0,9916.0,12583.466666666667,0.43388373911755823,-0.900968867902419,0.8660254037844386,0.5000000000000001,5.26,12.0,3.0,2.0
2010-02-12,1892.998,132.282,243.62629166666665,5.408055555555555,1241.0,312.0,15211.0,14785.966666666667,-0.433883739117558,-0.9009688679024191,0.8660254037844386,0.5000000000000001,5.26,12.0,3.0,2.0
2010-02-13,2351.556,144.794,242.88909027777777,6.744027777777777,1838.0,5292.0,18710.0,13352.6,-0.9749279121818236,-0.2225209339563146,0.8660254037844386,0.5000000000000001,5.26,12.0,3.0,2.0
2010-02-14,1688.7713333333334,124.648,243.13927777777778,4.833472222222222,1235.0,318.3333333333333,13196.333333333334,13396.522222222222,-0.7818314824680299,0.6234898018587334,0.8660254037844386,0.5000000000000001,5.26,12.0,3.0,2.0
2010-02-15,2097.132,131.27,243.44677777777775,6.042361111111111,3468.0,332.0,16065.0,15087.2,0.0,1.0,0.8660254037844386,0.5000000000000001,5.26,12.0,3.0,2.0
2010-02-16,1797.756,119.606,243.75376388888887,5.148333333333333,1945.0,317.0,12820.0,14880.6,0.7818314824680298,0.6234898018587336,0.8660254037844386,0.5000000000000001,5.26,12.0,3.0,2.0
2010-02-17,2054.56,119.56,242.34681944444444,5.94125,2294.0,6636.0,10101.0,15211.666666666666,0.9749279121818236,-0.22252093395631434,0.8660254037844386,0.5000000000000001,5.26,12.0,3.0,2.0
2010-02-18,1761.156,140.0,243.58819444444444,5.038194444444445,965.0,385.0,14884.0,13118.6,0.43388373911755823,-0.900968867902419,0.8660254037844386,0.5000000000000001,5.26,12.0,3.0,2.0
2010-02-19,1953.572,135.15,241.70740277777776,5.654166666666667,2124.0,397.0,14543.0,15495.533333333333,-0.433883739117558,-0.9009688679024191,0.8660254037844386,0.5000000000000001,5.26,12.0,3.0,2.0
2010-02-20,1983.728,151.248,241.78896527777778,5.745555555555556,3748.0,382.0,14470.0,14462.133333333333,-0.9749279121818236,-0.2225209339563146,0.8660254037844386,0.5000000000000001,5.26,12.0,3.0,2.0
2010-02-21,2740.314,167.458,240.625375,8.038333333333334,5905.0,8142.0,17083.0,14541.9,-0.7818314824680299,0.6234898018587334,0.8660254037844386,0.5000000000000001,5.26,12.0,3.0,2.0
2010-02-22,1474.036,160.624,240.57949305555553,4.315,1393.0,2167.0,10159.0,10848.266666666666,0.0,1.0,0.8660254037844386,0.5000000000000001,5.26,12.0,3.0,2.0
2010-02-23,1461.28,168.058,241.98468055555557,4.254583333333334,0.0,3001.0,8806.0,12547.666666666666,0.7818314824680298,0.6234898018587336,0.8660254037844386,0.5000000000000001,5.26,12.0,3.0,2.0
2010-02-24,1914.278,150.12800000000001,241.4657986111111,5.523055555555556,2260.0,1682.0,14315.0,13647.633333333333,0.9749279121818236,-0.22252093395631434,0.8660254037844386,0.5000000000000001,5.26,12.0,3.0,2.0
2010-02-25,1880.204,130.87800000000001,240.98316666666668,5.405833333333333,0.0,474.0,15120.0,15742.733333333334,0.43388373911755823,-0.900968867902419,0.8660254037844386,0.5000000000000001,5.26,12.0,3.0,2.0
2010-02-26,2120.156,139.31,240.42563194444443,6.139305555555556,1146.0,2454.0,14821.0,16914.933333333334,-0.433883739117558,-0.9009688679024191,0.8660254037844386,0.5000000000000001,5.26,12.0,3.0,2.0
2010-02-27,1765.056,152.39000000000001,241.54445833333335,5.150833333333333,3743.0,441.0,14358.0,10875.6,-0.9749279121818236,-0.2225209339563146,0.8660254037844386,0.5000000000000001,5.26,12.0,3.0,2.0
2010-02-28,711.666,134.068,242.56746527777779,2.06125,0.0,487.0,2952.0,8422.1,-0.7818314824680299,0.6234898018587334,0.8660254037844386,0.5000000000000001,5.26,12.0,3.0,2.0
2010-03-01,1298.728,130.076,241.82277777777776,3.7577777777777777,1785.0,471.0,7115.0,12274.466666666667,0.0,1.0,1.0,6.123233995736766e-17,3.87,9.0,4.0,0.0
2010-03-02,766.9060000000001,136.396,241.75205555555556,2.2255555555555557,0.0,424.0,3605.0,8752.766666666666,0.7818314824680298,0.6234898018587336,1.0,6.123233995736766e-17,3.87,9.0,4.0,0.0
2010-03-03,935.834,120.934,241.2114375,2.7330555555555556,0.0,425.0,7221.0,7951.233333333334,0.9749279121818236,-0.22252093395631434,1.0,6.123233995736766e-17,3.87,9.0,4.0,0.0
2010-03-04,682.88,125.954,242.9922916666667,2.0072222222222225,0.0,436.0,2928.0,8017.333333333333,0.43388373911755823,-0.900968867902419,1.0,6.123233995736766e-17,3.87,9.0,4.0,0.0
2010-03-05,1133.726,135.416,243.4863125,3.26625,1108.0,351.0,5918.0,11518.433333333332,-0.433883739117558,-0.9009688679024191,1.0,6.123233995736766e-17,3.87,9.0,4.0,0.0
2010-03-06,794.712,139.558,243.03125694444446,2.3066666666666666,0.0,419.0,3970.0,8856.2,-0.9749279121818236,-0.2225209339563146,1.0,6.123233995736766e-17,3.87,9.0,4.0,0.0
2010-03-07,1372.472,133.948,243.55174305555556,3.966666666666667,0.0,4674.0,3679.0,14521.533333333333,-0.7818314824680299,0.6234898018587334,1.0,6.123233995736766e-17,3.87,9.0,4.0,0.0
2010-03-08,2557.098,252.338,243.77458333333334,7.424444444444445,4214.0,7645.0,15971.0,14788.3,0.0,1.0,1.0,6.123233995736766e-17,3.87,9.0,4.0,0.0
2010-03-09,1760.112,168.078,243.52749999999997,5.080694444444444,846.0,397.0,10893.0,17199.2,0.7818314824680298,0.6234898018587336,1.0,6.123233995736766e-17,3.87,9.0,4.0,0.0
2010-03-10,1822.632,130.298,243.56579166666666,5.196944444444445,1167.0,375.0,14916.0,13919.2,0.9749279121818236,-0.22252093395631434,1.0,6.123233995736766e-17,3.87,9.0,4.0,0.0
2010-03-11,1951.09,152.388,242.68144444444445,5.639444444444445,2071.0,320.0,15706.0,14421.166666666666,0.43388373911755823,-0.900968867902419,1.0,6.123233995736766e-17,3.87,9.0,4.0,0.0
2010-03-12,1645.424,148.71,243.0135347222222,4.722222222222222,1691.0,411.0,14076.0,11245.733333333334,-0.433883739117558,-0.9009688679024191,1.0,6.123233995736766e-17,3.87,9.0,4.0,0.0
2010-03-13,2383.0099999999998,265.362,241.99693750000003,6.905,2848.0,5534.0,17973.0,13361.833333333334,-0.9749279121818236,-0.2225209339563146,1.0,6.123233995736766e-17,3.87,9.0,4.0,0.0
2010-03-14,1566.714,200.632,241.9863125,4.594861111111111,3464.0,918.0,7101.0,14628.9,-0.7818314824680299,0.6234898018587334,1.0,6.123233995736766e-17,3.87,9.0,4.0,0.0
2010-03-15,1791.85,164.312,242.29575,5.178333333333334,778.0,436.0,15053.0,13597.166666666666,0.0,1.0,1.0,6.123233995736766e-17,3.87,9.0,4.0,0.0
2010-03-16,1542.65,167.736,241.5400763888889,4.460972222222223,0.0,457.0,10083.0,15170.833333333334,0.7818314824680298,0.6234898018587336,1.0,6.123233995736766e-17,3.87,9.0,4.0,0.0
2010-03-17,2009.1299999999999,185.748,241.64133333333334,5.8277777777777775,1136.0,5851.0,13105.0,13393.5,0.9749279121818236,-0.22252093395631434,1.0,6.123233995736766e-17,3.87,9.0,4.0,0.0
2010-03-18,1562.682,166.214,241.5022638888889,4.547361111111111,1147.0,570.0,10845.0,13482.7,0.43388373911755823,-0.900968867902419,1.0,6.123233995736766e-17,3.87,9.0,4.0,0.0
2010-03-19,1663.384,189.478,241.42446527777776,4.8059722222222225,0.0,596.0,12591.0,14536.066666666668,-0.433883739117558,-0.9009688679024191,1.0,6.123233995736766e-17,3.87,9.0,4.0,0.0
2010-03-20,1722.6653333333334,197.55866666666665,241.80954629629628,4.9991666666666665,1305.0,2980.3333333333335,12245.666666666666,12180.08888888889,-0.9749279121818236,-0.2225209339563146,1.0,6.123233995736766e-17,3.87,9.0,4.0,0.0
2010-03-21,1536.8853333333334,178.22933333333333,242.1809537037037,4.505509259259259,2103.0,3906.6666666666665,7301.333333333333,12303.755555555555,-0.7818314824680299,0.6234898018587334,1.0,6.123233995736766e-17,3.87,9.0,4.0,0.0
2010-03-22,1618.59,171.556,241.35879166666666,4.687083333333333,1142.0,557.0,13859.0,11418.5,0.0,1.0,1.0,6.123233995736766e-17,3.87,9.0,4.0,0.0
2010-03-23,1822.162,186.63400000000001,241.1662986111111,5.370416666666666,2892.0,1153.0,13107.0,13217.366666666667,0.7818314824680298,0.6234898018587336,1.0,6.123233995736766e-17,3.87,9.0,4.0,0.0
2010-03-24,1994.752,209.558,240.72467361111114,5.801944444444444,1075.0,5832.0,12817.0,13521.866666666667,0.9749279121818236,-0.22252093395631434,1.0,6.123233995736766e-17,3.87,9.0,4.0,0.0
2010-03-25,1679.884,186.758,242.26515277777779,4.843194444444444,0.0,611.0,13797.0,13590.066666666666,0.43388373911755823,-0.900968867902419,1.0,6.123233995736766e-17,3.87,9.0,4.0,0.0
2010-03-26,1651.284,205.882,241.50402777777776,4.79875,1078.0,682.0,12547.0,13214.4,-0.433883739117558,-0.9009688679024191,1.0,6.123233995736766e-17,3.87,9.0,4.0,0.0
2010-03-27,1847.97,195.092,240.41256944444442,5.393472222222223,1067.0,3080.0,12483.0,14169.5,-0.9749279121818236,-0.2225209339563146,1.0,6.123233995736766e-17,3.87,9.0,4.0,0.0
2010-03-28,1798.214,260.428,241.37355555555555,5.323888888888889,1083.0,7895.0,7118.0,13874.233333333334,-0.7818314824680299,0.6234898018587334,1.0,6.123233995736766e-17,3.87,9.0,4.0,0.0
2010-03-29,1622.738,207.082,241.52158333333335,4.726388888888889,0.0,636.0,15420.0,10989.633333333333,0.0,1.0,1.0,6.123233995736766e-17,3.87,9.0,4.0,0.0
2010-03-30,1906.454,280.718,241.08461805555555,5.636527777777778,1760.0,571.0,13765.0,15678.233333333334,0.7818314824680298,0.6234898018587336,1.0,6.123233995736766e-17,3.87,9.0,4.0,0.0
2010-03-31,1923.802,201.578,240.1941736111111,5.662916666666667,1067.0,6313.0,12041.0,12642.366666666667,0.9749279121818236,-0.22252093395631434,1.0,6.123233995736766e-17,3.87,9.0,4.0,0.0
2010-04-01,1687.44,144.464,241.75415972222223,4.879027777777778,1780.0,517.0,14393.0,11434.0,0.43388373911755823,-0.900968867902419,0.8660254037844387,-0.4999999999999998,1.58,3.0,1.0,0.0
2010-04-02,1648.622,152.906,242.77352083333332,4.733472222222222,0.0,483.0,13074.0,13920.033333333333,-0.433883739117558,-0.9009688679024191,0.8660254037844387,-0.4999999999999998,1.58,3.0,1.0,0.0
2010-04-03,1805.278,206.65,243.24993055555558,5.170972222222222,1778.0,648.0,17694.0,9967.966666666667,-0.9749279121818236,-0.2225209339563146,0.8660254037844387,-0.4999999999999998,1.58,3.0,1.0,0.0
2010-04-04,1690.388,238.976,241.74743055555555,4.925694444444445,1097.0,831.0,12687.0,13558.133333333333,-0.7818314824680299,0.6234898018587334,0.8660254037844387,-0.4999999999999998,1.58,3.0,1.0,0.0
2010-04-05,1118.82,165.42,243.6551458333333,3.26875,1755.0,1436.0,5503.0,9953.0,0.0,1.0,0.8660254037844387,-0.4999999999999998,1.58,3.0,1.0,0.0
2010-04-06,1825.852,170.614,242.74411111111112,5.258888888888889,1154.0,613.0,12476.0,16187.866666666667,0.7818314824680298,0.6234898018587336,0.8660254037844387,-0.4999999999999998,1.58,3.0,1.0,0.0
2010-04-07,1596.982,184.526,241.83122916666665,4.645416666666667,1077.0,3440.0,11362.0,10737.366666666667,0.9749279121818236,-0.22252093395631434,0.8660254037844387,-0.4999999999999998,1.58,3.0,1.0,0.0
2010-04-08,1649.22,165.142,241.99483333333333,4.759027777777778,145.0,669.0,13322.0,13351.0,0.43388373911755823,-0.900968867902419,0.8660254037844387,-0.4999999999999998,1.58,3.0,1.0,0.0
2010-04-09,1233.35,162.482,242.58288194444444,3.570555555555556,1088.0,566.0,10595.0,8306.833333333334,-0.433883739117558,-0.9009688679024191,0.8660254037844387,-0.4999999999999998,1.58,3.0,1.0,0.0
2010-04-10,1190.208,179.52,241.28286111111112,3.48625,1044.0,960.0,8933.0,8899.8,-0.9749279121818236,-0.2225209339563146,0.8660254037844387,-0.4999999999999998,1.58,3.0,1.0,0.0
2010-04-11,1603.832,175.242,241.49104398148148,4.735648148148148,5499.0,554.6666666666666,8856.333333333334,11820.533333333333,-0.7818314824680299,0.6234898018587334,0.8660254037844387,-0.4999999999999998,1.58,3.0,1.0,0.0
2010-04-12,1439.426,157.73,242.00644444444447,4.164305555555556,660.0,611.0,11949.0,10770.433333333332,0.0,1.0,0.8660254037844387,-0.4999999999999998,1.58,3.0,1.0,0.0
2010-04-13,1512.704,171.14,241.735125,4.392222222222222,1097.0,646.0,13033.0,10435.733333333334,0.7818314824680298,0.6234898018587336,0.8660254037844387,-0.4999999999999998,1.58,3.0,1.0,0.0
2010-04-14,1660.364,179.198,241.3756111111111,4.8469444444444445,1132.0,5871.0,9194.0,11475.733333333334,0.9749279121818236,-0.22252093395631434,0.8660254037844387,-0.4999999999999998,1.58,3.0,1.0,0.0
2010-04-15,1872.178,167.336,240.8521875,5.425416666666667,2526.0,658.0,15667.0,12351.966666666667,0.43388373911755823,-0.900968867902419,0.8660254037844387,-0.4999999999999998,1.58,3.0,1.0,0.0
2010-04-16,1562.062,170.38,241.99183333333332,4.550694444444445,2837.0,592.0,12623.0,9982.366666666667,-0.433883739117558,-0.9009688679024191,0.8660254037844387,-0.4999999999999998,1.58,3.0,1.0,0.0
2010-04-17,1557.712,149.862,241.30517361111112,4.548055555555555,553.0,3124.0,12571.0,9713.866666666667,-0.9749279121818236,-0.2225209339563146,0.8660254037844387,-0.4999999999999998,1.58,3.0,1.0,0.0
2010-04-18,1476.106,148.232,240.68122916666664,4.280833333333333,1104.0,618.0,12550.0,10329.766666666666,-0.7818314824680299,0.6234898018587334,0.8660254037844387,-0.4999999999999998,1.58,3.0,1.0,0.0
2010-04-19,1708.594,166.404,241.25981944444445,4.962916666666667,1230.0,4255.0,13474.0,9517.566666666666,0.0,1.0,0.8660254037844387,-0.4999999999999998,1.58,3.0,1.0,0.0
2010-04-20,1833.628,175.902,240.77724999999998,5.33125,1388.0,719.0,16668.0,11785.466666666667,0.7818314824680298,0.6234898018587336,0.8660254037844387,-0.4999999999999998,1.58,3.0,1.0,0.0
2010-04-21,1579.914,158.406,241.93004166666668,4.556111111111111,0.0,635.0,12902.0,12794.9,0.9749279121818236,-0.22252093395631434,0.8660254037844387,-0.4999999999999998,1.58,3.0,1.0,0.0
2010-04-22,1460.904,186.65,240.74602083333335,4.2659722222222225,1062.0,653.0,12492.0,10141.4,0.43388373911755823,-0.900968867902419,0.8660254037844387,-0.4999999999999998,1.58,3.0,1.0,0.0
2010-04-23,1180.536,177.164,241.61291666666665,3.435277777777778,0.0,623.0,10981.0,8071.6,-0.433883739117558,-0.9009688679024191,0.8660254037844387,-0.4999999999999998,1.58,3.0,1.0,0.0
2010-04-24,1518.418,306.838,241.51611805555558,4.585416666666666,4445.0,1483.0,8223.0,11155.966666666667,-0.9749279121818236,-0.2225209339563146,0.8660254037844387,-0.4999999999999998,1.58,3.0,1.0,0.0
2010-04-25,1542.742,238.99,240.66157638888888,4.521527777777778,0.0,2350.0,7595.0,15767.366666666667,-0.7818314824680299,0.6234898018587334,0.8660254037844387,-0.4999999999999998,1.58,3.0,1.0,0.0
2010-04-26,1082.716,166.42,241.23138194444445,3.169166666666667,1038.0,460.0,7635.0,8912.266666666666,0.0,1.0,0.8660254037844387,-0.4999999999999998,1.58,3.0,1.0,0.0
2010-04-27,1250.94,162.28,242.07596527777778,3.6158333333333337,0.0,545.0,8539.0,11765.0,0.7818314824680298,0.6234898018587336,0.8660254037844387,-0.4999999999999998,1.58,3.0,1.0,0.0
2010-04-28,867.858,182.684,242.51982638888887,2.551111111111111,0.0,578.0,6035.0,7851.3,0.9749279121818236,-0.22252093395631434,0.8660254037844387,-0.4999999999999998,1.58,3.0,1.0,0.0
2010-04-29,1103.724,173.714,242.2791736111111,3.1961111111111107,12.0,679.0,8102.0,9602.4,0.43388373911755823,-0.900968867902419,0.8660254037844387,-0.4999999999999998,1.58,3.0,1.0,0.0
2010-04-30,1118.628,208.394,241.81767361111113,3.3229166666666665,2695.0,659.0,6969.0,8320.8,-0.433883739117558,-0.9009688679024191,0.8660254037844387,-0.4999999999999998,1.58,3.0,1.0,0.0
2010-05-01,1320.158,192.524,240.64716666666666,3.9298611111111112,1984.0,4885.0,6751.0,8382.633333333333,-0.9749279121818236,-0.2225209339563146,0.49999999999999994,-0.8660254037844387,5.54,8.0,5.0,1.0
2010-05-02,2187.91,233.98,240.38825,6.422499999999999,1858.0,7966.0,14454.0,12187.166666666666,-0.7818314824680299,0.6234898018587334,0.49999999999999994,-0.8660254037844387,5.54,8.0,5.0,1.0
2010-05-03,1411.302,153.192,237.18724305555557,4.158888888888889,980.0,534.0,11825.0,10182.7,0.0,1.0,0.49999999999999994,-0.8660254037844387,5.54,8.0,5.0,1.0
2010-05-04,1516.96,154.24,236.03702777777778,4.5025,0.0,1018.0,12007.0,12257.666666666666,0.7818314824680298,0.6234898018587336,0.49999999999999994,-0.8660254037844387,5.54,8.0,5.0,1.0
2010-05-05,1805.308,129.2,236.10560416666667,5.365138888888889,2969.0,2194.0,12183.0,12742.466666666667,0.9749279121818236,-0.22252093395631434,0.49999999999999994,-0.8660254037844387,5.54,8.0,5.0,1.0
2010-05-06,1299.25,118.70400000000001,235.98911111111113,3.8222222222222224,0.0,301.0,10280.0,11073.166666666666,0.43388373911755823,-0.900968867902419,0.49999999999999994,-0.8660254037844387,5.54,8.0,5.0,1.0
2010-05-07,1644.004,145.164,237.49589583333335,4.8156944444444445,1053.0,332.0,13602.0,12413.066666666666,-0.433883739117558,-0.9009688679024191,0.49999999999999994,-0.8660254037844387,5.54,8.0,5.0,1.0
2010-05-08,1533.422,173.222,241.89702083333336,4.485277777777778,3569.0,2435.0,10158.0,9395.033333333333,-0.9749279121818236,-0.2225209339563146,0.49999999999999994,-0.8660254037844387,5.54,8.0,5.0,1.0
2010-05-09,1566.51,205.384,241.40132638888886,4.638472222222222,2888.0,2636.0,9945.0,10639.5,-0.7818314824680299,0.6234898018587334,0.49999999999999994,-0.8660254037844387,5.54,8.0,5.0,1.0
2010-05-10,1467.892,144.298,240.99840972222225,4.260138888888889,0.0,403.0,12893.0,11168.866666666667,0.0,1.0,0.49999999999999994,-0.8660254037844387,5.54,8.0,5.0,1.0
2010-05-11,1571.368,152.3,242.3830763888889,4.54375,1156.0,345.0,11418.0,13270.466666666667,0.7818314824680298,0.6234898018587336,0.49999999999999994,-0.8660254037844387,5.54,8.0,5.0,1.0
2010-05-12,2035.418,159.798,241.716625,5.8902777777777775,1036.0,4434.0,16362.0,12091.633333333333,0.9749279121818236,-0.22252093395631434,0.49999999999999994,-0.8660254037844387,5.54,8.0,5.0,1.0
2010-05-13,1553.3426666666667,153.994,242.95719675925926,4.4773148148148145,2123.0,1477.0,10527.666666666666,11761.377777777778,0.43388373911755823,-0.900968867902419,0.49999999999999994,-0.8660254037844387,5.54,8.0,5.0,1.0
2010-05-14,1722.146,159.884,242.06722916666666,4.981944444444444,1045.0,334.0,16764.0,10559.433333333332,-0.433883739117558,-0.9009688679024191,0.49999999999999994,-0.8660254037844387,5.54,8.0,5.0,1.0
2010-05-15,1944.772,232.944,242.10271527777775,5.709305555555555,3347.0,336.0,13670.0,15059.866666666667,-0.9749279121818236,-0.2225209339563146,0.49999999999999994,-0.8660254037844387,5.54,8.0,5.0,1.0
2010-05-16,2100.426,164.382,240.97365277777777,6.154444444444445,3361.0,3922.0,11888.0,15836.1,-0.7818314824680299,0.6234898018587334,0.49999999999999994,-0.8660254037844387,5.54,8.0,5.0,1.0
2010-05-17,1628.182,147.376,241.36027083333332,4.723194444444444,1014.0,367.0,15344.0,10411.366666666667,0.0,1.0,0.49999999999999994,-0.8660254037844387,5.54,8.0,5.0,1.0
2010-05-18,1421.184,149.652,241.520875,4.118333333333333,0.0,370.0,11677.0,11639.4,0.7818314824680298,0.6234898018587336,0.49999999999999994,-0.8660254037844387,5.54,8.0,5.0,1.0
2010-05-19,1426.752,151.254,241.60104166666667,4.1762500000000005,2122.0,659.0,9864.0,11134.2,0.9749279121818236,-0.22252093395631434,0.49999999999999994,-0.8660254037844387,5.54,8.0,5.0,1.0
2010-05-20,1153.898,139.14,242.45078472222224,3.3552777777777782,0.0,369.0,10101.0,8761.633333333333,0.43388373911755823,-0.900968867902419,0.49999999999999994,-0.8660254037844387,5.54,8.0,5.0,1.0
2010-05-21,1294.396,167.694,241.75904861111113,3.7977777777777777,1073.0,381.0,10113.0,10006.266666666666,-0.433883739117558,-0.9009688679024191,0.49999999999999994,-0.8660254037844387,5.54,8.0,5.0,1.0
2010-05-22,2095.772,212.698,239.55310416666666,6.156527777777778,2278.0,2441.0,17454.0,12756.533333333333,-0.9749279121818236,-0.2225209339563146,0.49999999999999994,-0.8660254037844387,5.54,8.0,5.0,1.0
2010-05-23,1487.556,253.1,240.69034722222221,4.398055555555556,864.0,416.0,9541.0,13971.6,-0.7818314824680299,0.6234898018587334,0.49999999999999994,-0.8660254037844387,5.54,8.0,5.0,1.0
2010-05-24,1341.332,228.04,241.03509722222222,3.971111111111111,1875.0,2467.0,7746.0,10267.533333333333,0.0,1.0,0.49999999999999994,-0.8660254037844387,5.54,8.0,5.0,1.0
2010-05-25,1198.626,203.866,240.2630486111111,3.5909722222222222,474.0,451.0,10439.0,8613.1,0.7818314824680298,0.6234898018587336,0.49999999999999994,-0.8660254037844387,5.54,8.0,5.0,1.0
2010-05-26,1387.884,241.61,239.54319444444445,4.185,914.0,4500.0,8530.0,9187.4,0.9749279121818236,-0.22252093395631434,0.49999999999999994,-0.8660254037844387,5.54,8.0,5.0,1.0
2010-05-27,1323.342,195.836,239.92095138888888,3.91125,932.0,443.0,10669.0,10011.7,0.43388373911755823,-0.900968867902419,0.49999999999999994,-0.8660254037844387,5.54,8.0,5.0,1.0
2010-05-28,1398.164,162.47,240.0395763888889,4.099027777777778,1020.0,413.0,11616.0,10253.733333333334,-0.433883739117558,-0.9009688679024191,0.49999999999999994,-0.8660254037844387,5.54,8.0,5.0,1.0
2010-05-29,2049.808,205.612,240.20170833333336,6.040555555555556,4057.0,400.0,16635.0,13071.466666666667,-0.9749279121818236,-0.2225209339563146,0.49999999999999994,-0.8660254037844387,5.54,8.0,5.0,1.0
2010-05-30,1665.7,176.892,240.46701388888889,4.902083333333334,2405.0,2976.0,9708.0,12672.666666666666,-0.7818314824680299,0.6234898018587334,0.49999999999999994,-0.8660254037844387,5.54,8.0,5.0,1.0
2010-05-31,1340.462,145.874,240.69020833333335,3.9730555555555553,1710.0,2171.0,10461.0,7999.033333333334,0.0,1.0,0.49999999999999994,-0.8660254037844387,5.54,8.0,5.0,1.0
2010-06-01,1268.964,136.97,240.5402777777778,3.7181944444444444,970.0,400.0,11858.0,7921.4,0.7818314824680298,0.6234898018587336,1.2246467991473532e-16,-1.0,7.279999999999999,7.0,4.0,2.0
2010-06-02,980.898,129.238,240.33645833333333,2.9158333333333335,0.0,656.0,8454.0,7238.3,0.9749279121818236,-0.22252093395631434,1.2246467991473532e-16,-1.0,7.279999999999999,7.0,4.0,2.0
2010-06-03,1394.186,164.036,240.24450694444445,4.154166666666667,2916.0,451.0,12304.0,7565.433333333333,0.43388373911755823,-0.900968867902419,1.2246467991473532e-16,-1.0,7.279999999999999,7.0,4.0,2.0
2010-06-04,1420.554,185.244,240.27963888888888,4.203333333333333,1695.0,397.0,12517.0,9066.9,-0.433883739117558,-0.9009688679024191,1.2246467991473532e-16,-1.0,7.279999999999999,7.0,4.0,2.0
2010-06-05,2009.644,293.99,241.10038194444445,6.095138888888889,10932.0,1253.0,12223.0,9086.066666666666,-0.9749279121818236,-0.2225209339563146,1.2246467991473532e-16,-1.0,7.279999999999999,7.0,4.0,2.0
2010-06-06,1746.792,291.186,241.42161805555557,5.288194444444445,7609.0,574.0,11365.0,9565.2,-0.7818314824680299,0.6234898018587334,1.2246467991473532e-16,-1.0,7.279999999999999,7.0,4.0,2.0
2010-06-07,1012.082,184.11,242.33104861111113,3.0329166666666665,1821.0,488.0,6737.0,7822.033333333334,0.0,1.0,1.2246467991473532e-16,-1.0,7.279999999999999,7.0,4.0,2.0
2010-06-08,1362.034,198.334,241.07685416666666,4.03375,1513.0,821.0,11374.0,8992.566666666668,0.7818314824680298,0.6234898018587336,1.2246467991473532e-16,-1.0,7.279999999999999,7.0,4.0,2.0
2010-06-09,1534.682,182.534,241.18673611111112,4.544722222222222,2774.0,4269.0,8255.0,10280.033333333333,0.9749279121818236,-0.22252093395631434,1.2246467991473532e-16,-1.0,7.279999999999999,7.0,4.0,2.0
2010-06-10,1215.19,173.226,241.69444444444446,3.591527777777778,0.0,474.0,10870.0,8909.166666666666,0.43388373911755823,-0.900968867902419,1.2246467991473532e-16,-1.0,7.279999999999999,7.0,4.0,2.0
2010-06-11,1470.672,218.57,241.45329166666667,4.4125,3439.0,468.0,11728.0,8876.2,-0.433883739117558,-0.9009688679024191,1.2246467991473532e-16,-1.0,7.279999999999999,7.0,4.0,2.0
2010-06-12,1973.9086666666667,271.8326666666667,240.35530555555556,5.845972222222223,2705.3333333333335,3659.3333333333335,16191.0,10342.81111111111,-0.9749279121818236,-0.2225209339563146,1.2246467991473532e-16,-1.0,7.279999999999999,7.0,4.0,2.0
2010-06-13,1674.356,253.716,241.20292361111112,5.06,4922.0,2516.0,9096.0,11371.933333333332,-0.7818314824680299,0.6234898018587334,1.2246467991473532e-16,-1.0,7.279999999999999,7.0,4.0,2.0
2010-06-14,1217.984,178.64,241.61683333333332,3.61375,958.0,473.0,10336.0,8532.733333333334,0.0,1.0,1.2246467991473532e-16,-1.0,7.279999999999999,7.0,4.0,2.0
2010-06-15,1223.966,179.096,240.9032986111111,3.622916666666667,0.0,488.0,10144.0,9767.433333333332,0.7818314824680298,0.6234898018587336,1.2246467991473532e-16,-1.0,7.279999999999999,7.0,4.0,2.0
2010-06-16,1768.092,183.078,240.75138194444443,5.18375,1875.0,4999.0,10336.0,12258.2,0.9749279121818236,-0.22252093395631434,1.2246467991473532e-16,-1.0,7.279999999999999,7.0,4.0,2.0
2010-06-17,1028.018,168.268,240.42709027777778,3.0509722222222218,0.0,488.0,8510.0,8135.633333333333,0.43388373911755823,-0.900968867902419,1.2246467991473532e-16,-1.0,7.279999999999999,7.0,4.0,2.0
2010-06-18,1332.316,171.418,240.52340972222223,3.945972222222222,977.0,454.0,11977.0,8797.266666666666,-0.433883739117558,-0.9009688679024191,1.2246467991473532e-16,-1.0,7.279999999999999,7.0,4.0,2.0
2010-06-19,1416.22,210.808,241.7036388888889,4.214166666666666,2385.0,1803.0,9554.0,9861.666666666666,-0.9749279121818236,-0.2225209339563146,1.2246467991473532e-16,-1.0,7.279999999999999,7.0,4.0,2.0
2010-06-20,1672.55,144.08,240.30783333333335,4.924444444444444,1021.0,4195.0,12337.0,10322.833333333334,-0.7818314824680299,0.6234898018587334,1.2246467991473532e-16,-1.0,7.279999999999999,7.0,4.0,2.0
2010-06-21,1660.89,169.68,240.95399305555554,4.947638888888889,3824.0,3525.0,11179.0,9153.5,0.0,1.0,1.2246467991473532e-16,-1.0,7.279999999999999,7.0,4.0,2.0
2010-06-22,1520.588,209.434,240.6849236111111,4.581666666666667,968.0,6176.0,9230.0,8969.133333333333,0.7818314824680298,0.6234898018587336,1.2246467991473532e-16,-1.0,7.279999999999999,7.0,4.0,2.0
2010-06-23,1442.064,296.48199999999997,239.99858333333336,4.383194444444444,5740.0,1500.0,10188.0,6606.4,0.9749279121818236,-0.22252093395631434,1.2246467991473532e-16,-1.0,7.279999999999999,7.0,4.0,2.0
2010-06-24,1095.78,230.782,240.80948611111108,3.274583333333333,973.0,883.0,8090.0,8317.0,0.43388373911755823,-0.900968867902419,1.2246467991473532e-16,-1.0,7.279999999999999,7.0,4.0,2.0
2010-06-25,1099.438,218.734,240.5305486111111,3.3211111111111107,0.0,689.0,10466.0,7168.966666666666,-0.433883739117558,-0.9009688679024191,1.2246467991473532e-16,-1.0,7.279999999999999,7.0,4.0,2.0
2010-06-26,981.62,294.49,241.4948611111111,3.002638888888889,921.0,1221.0,7939.0,6279.333333333333,-0.9749279121818236,-0.2225209339563146,1.2246467991473532e-16,-1.0,7.279999999999999,7.0,4.0,2.0
2010-06-27,1139.964,304.71,239.94747916666665,3.4852777777777777,2665.0,764.0,7690.0,7880.4,-0.7818314824680299,0.6234898018587334,1.2246467991473532e-16,-1.0,7.279999999999999,7.0,4.0,2.0
2010-06-28,1471.34,280.888,240.4290138888889,4.3725,0.0,809.0,12516.0,11197.333333333334,0.0,1.0,1.2246467991473532e-16,-1.0,7.279999999999999,7.0,4.0,2.0
2010-06-29,1367.631,322.765,240.34073784722221,4.159756944444444,1746.0,1978.0,8263.75,10806.1,0.7818314824680298,0.6234898018587336,1.2246467991473532e-16,-1.0,7.279999999999999,7.0,4.0,2.0
2010-06-30,1384.136,238.588,240.61095833333334,4.09375,398.0,806.0,5214.0,16650.933333333334,0.9749279121818236,-0.22252093395631434,1.2246467991473532e-16,-1.0,7.279999999999999,7.0,4.0,2.0
2010-07-01,1349.002,288.452,239.31421527777775,4.051944444444445,877.0,921.0,7438.0,13247.366666666667,0.43388373911755823,-0.900968867902419,-0.4999999999999997,-0.8660254037844388,7.090000000000001,5.0,3.0,2.0
2010-07-02,1140.928,297.298,239.63011805555556,3.495,822.0,932.0,6337.0,10924.466666666667,-0.433883739117558,-0.9009688679024191,-0.4999999999999997,-0.8660254037844388,7.090000000000001,5.0,3.0,2.0
2010-07-03,1120.074,314.906,241.33627777777778,3.42125,0.0,968.0,6151.0,11548.9,-0.9749279121818236,-0.2225209339563146,-0.4999999999999997,-0.8660254037844388,7.090000000000001,5.0,3.0,2.0
2010-07-04,1538.088,280.146,240.33446527777778,4.561805555555556,860.0,804.0,6597.0,17373.8,-0.7818314824680299,0.6234898018587334,-0.4999999999999997,-0.8660254037844388,7.090000000000001,5.0,3.0,2.0
2010-07-05,1113.99,233.846,241.18256250000002,3.3313888888888887,841.0,837.0,6913.0,9975.5,0.0,1.0,-0.4999999999999997,-0.8660254037844388,7.090000000000001,5.0,3.0,2.0
2010-07-06,1005.934,192.292,240.5297013888889,3.0056944444444444,0.0,771.0,8451.0,7543.566666666667,0.7818314824680298,0.6234898018587336,-0.4999999999999997,-0.8660254037844388,7.090000000000001,5.0,3.0,2.0
2010-07-07,834.788,209.536,240.6574513888889,2.5466666666666664,879.0,760.0,5762.0,6512.133333333333,0.9749279121818236,-0.22252093395631434,-0.4999999999999997,-0.8660254037844388,7.090000000000001,5.0,3.0,2.0
2010-07-08,1212.652,246.894,240.304125,3.6294444444444443,857.0,1350.0,8459.0,9544.866666666667,0.43388373911755823,-0.900968867902419,-0.4999999999999997,-0.8660254037844388,7.090000000000001,5.0,3.0,2.0
2010-07-09,1083.478,314.074,240.79250694444445,3.3231944444444443,0.0,625.0,5356.0,12076.966666666667,-0.433883739117558,-0.9009688679024191,-0.4999999999999997,-0.8660254037844388,7.090000000000001,5.0,3.0,2.0
2010-07-10,1154.504,281.282,240.06252083333337,3.510277777777778,907.0,1240.0,8921.0,8173.733333333334,-0.9749279121818236,-0.2225209339563146,-0.4999999999999997,-0.8660254037844388,7.090000000000001,5.0,3.0,2.0
2010-07-11,1193.5720000000001,302.624,239.7739513888889,3.6480555555555556,848.0,594.0,7781.0,10669.866666666667,-0.7818314824680299,0.6234898018587334,-0.4999999999999997,-0.8660254037844388,7.090000000000001,5.0,3.0,2.0
2010-07-12,1109.574,285.912,240.2186458333333,3.397222222222222,1724.0,646.0,6444.0,9678.9,0.0,1.0,-0.4999999999999997,-0.8660254037844388,7.090000000000001,5.0,3.0,2.0
2010-07-13,1382.114,287.722,240.49479166666666,4.2404166666666665,2273.0,2826.0,7894.0,10042.233333333334,0.7818314824680298,0.6234898018587336,-0.4999999999999997,-0.8660254037844388,7.090000000000001,5.0,3.0,2.0
2010-07-14,1409.472,248.48,240.34191666666666,4.260555555555555,1064.0,598.0,7575.0,14254.2,0.9749279121818236,-0.22252093395631434,-0.4999999999999997,-0.8660254037844388,7.090000000000001,5.0,3.0,2.0
2010-07-15,1634.2995,192.5245,240.36877430555555,4.787534722222222,1071.0,2179.75,8212.75,15774.825,0.43388373911755823,-0.900968867902419,-0.4999999999999997,-0.8660254037844388,7.090000000000001,5.0,3.0,2.0
2010-07-16,820.056,196.728,241.15434722222224,2.4870833333333335,0.0,568.0,3854.0,9245.6,-0.433883739117558,-0.9009688679024191,-0.4999999999999997,-0.8660254037844388,7.090000000000001,5.0,3.0,2.0
2010-07-17,806.352,181.35,241.18420833333334,2.424166666666667,0.0,541.0,6094.0,6804.2,-0.9749279121818236,-0.2225209339563146,-0.4999999999999997,-0.8660254037844388,7.090000000000001,5.0,3.0,2.0
2010-07-18,812.038,169.93,241.45020138888887,2.417638888888889,0.0,498.0,3943.0,9092.966666666667,-0.7818314824680299,0.6234898018587334,-0.4999999999999997,-0.8660254037844388,7.090000000000001,5.0,3.0,2.0
2010-07-19,801.158,192.498,241.84955555555555,2.395,0.0,549.0,6105.0,6698.633333333333,0.0,1.0,-0.4999999999999997,-0.8660254037844388,7.090000000000001,5.0,3.0,2.0
2010-07-20,855.824,218.46,241.6489861111111,2.5684722222222223,9.0,550.0,5178.0,8526.733333333334,0.7818314824680298,0.6234898018587336,-0.4999999999999997,-0.8660254037844388,7.090000000000001,5.0,3.0,2.0
2010-07-21,1064.166,244.246,241.72080555555556,3.204861111111111,2030.0,585.0,6178.0,8943.1,0.9749279121818236,-0.22252093395631434,-0.4999999999999997,-0.8660254037844388,7.090000000000001,5.0,3.0,2.0
2010-07-22,1164.446,311.284,241.1897847222222,3.5011111111111113,0.0,2151.0,5604.0,11652.433333333332,0.43388373911755823,-0.900968867902419,-0.4999999999999997,-0.8660254037844388,7.090000000000001,5.0,3.0,2.0
2010-07-23,1176.158,285.28,239.8829166666667,3.5233333333333334,897.0,2106.0,8295.0,8304.633333333333,-0.433883739117558,-0.9009688679024191,-0.4999999999999997,-0.8660254037844388,7.090000000000001,5.0,3.0,2.0
2010-07-24,921.668,285.854,240.29686805555554,2.786111111111111,0.0,2096.0,3892.0,9373.133333333333,-0.9749279121818236,-0.2225209339563146,-0.4999999999999997,-0.8660254037844388,7.090000000000001,5.0,3.0,2.0
2010-07-25,1130.41,258.166,240.27947916666668,3.3686111111111114,0.0,3732.0,7549.0,7559.166666666667,-0.7818314824680299,0.6234898018587334,-0.4999999999999997,-0.8660254037844388,7.090000000000001,5.0,3.0,2.0
2010-07-26,884.15,177.86,240.93763194444443,2.658333333333333,0.0,2246.0,4147.0,8342.833333333334,0.0,1.0,-0.4999999999999997,-0.8660254037844388,7.090000000000001,5.0,3.0,2.0
2010-07-27,952.36,174.73,239.63009722222225,2.8269444444444445,907.0,523.0,4042.0,10400.666666666666,0.7818314824680298,0.6234898018587336,-0.4999999999999997,-0.8660254037844388,7.090000000000001,5.0,3.0,2.0
2010-07-28,862.654,182.866,240.30625694444444,2.583472222222222,801.0,544.0,7232.0,5800.566666666667,0.9749279121818236,-0.22252093395631434,-0.4999999999999997,-0.8660254037844388,7.090000000000001,5.0,3.0,2.0
2010-07-29,549.104,177.266,240.3845347222222,1.6897222222222221,0.0,537.0,4158.0,4456.733333333334,0.43388373911755823,-0.900968867902419,-0.4999999999999997,-0.8660254037844388,7.090000000000001,5.0,3.0,2.0
2010-07-30,551.26,172.854,240.04908333333333,1.695138888888889,0.0,534.0,4087.0,4566.666666666667,-0.433883739117558,-0.9009688679024191,-0.4999999999999997,-0.8660254037844388,7.090000000000001,5.0,3.0,2.0
2010-07-31,554.616,181.73,239.68085416666665,1.7159722222222222,0.0,548.0,4272.0,4423.6,-0.9749279121818236,-0.2225209339563146,-0.4999999999999997,-0.8660254037844388,7.090000000000001,5.0,3.0,2.0
2010-08-01,555.664,184.49,239.80130555555556,1.7205555555555554,0.0,558.0,4263.0,4440.066666666667,-0.7818314824680299,0.6234898018587334,-0.8660254037844384,-0.5000000000000004,4.6899999999999995,12.0,3.0,1.0
2010-08-02,549.482,183.244,240.89735416666667,1.7008333333333332,0.0,536.0,4191.0,4431.033333333334,0.0,1.0,-0.8660254037844384,-0.5000000000000004,4.6899999999999995,12.0,3.0,1.0
2010-08-03,615.212,177.11599999999999,241.5017013888889,1.8530555555555557,0.0,527.0,4096.0,5630.533333333334,0.7818314824680298,0.6234898018587336,-0.8660254037844384,-0.5000000000000004,4.6899999999999995,12.0,3.0,1.0
2010-08-04,543.356,179.432,241.39795138888888,1.6722222222222223,0.0,532.0,4116.0,4407.933333333333,0.9749279121818236,-0.22252093395631434,-0.8660254037844384,-0.5000000000000004,4.6899999999999995,12.0,3.0,1.0
2010-08-05,533.476,173.68,241.8593888888889,1.6345833333333335,0.0,517.0,4013.0,4361.266666666666,0.43388373911755823,-0.900968867902419,-0.8660254037844384,-0.5000000000000004,4.6899999999999995,12.0,3.0,1.0
2010-08-06,524.746,164.584,240.9532361111111,1.6036111111111109,0.0,507.0,3947.0,4291.766666666666,-0.433883739117558,-0.9009688679024191,-0.8660254037844384,-0.5000000000000004,4.6899999999999995,12.0,3.0,1.0
2010-08-07,527.476,168.026,241.32504861111113,1.6180555555555556,0.0,520.0,3968.0,4303.266666666666,-0.9749279121818236,-0.2225209339563146,-0.8660254037844384,-0.5000000000000004,4.6899999999999995,12.0,3.0,1.0
2010-08-08,528.46,168.092,240.7344652777778,1.6234722222222224,0.0,526.0,3958.0,4323.666666666667,-0.7818314824680299,0.6234898018587334,-0.8660254037844384,-0.5000000000000004,4.6899999999999995,12.0,3.0,1.0
2010-08-09,535.064,171.492,241.06926388888888,1.6384722222222223,0.0,515.0,4042.0,4360.733333333334,0.0,1.0,-0.8660254037844384,-0.5000000000000004,4.6899999999999995,12.0,3.0,1.0
2010-08-10,544.758,181.808,241.95466666666664,1.6648611111111111,0.0,525.0,4141.0,4413.3,0.7818314824680298,0.6234898018587336,-0.8660254037844384,-0.5000000000000004,4.6899999999999995,12.0,3.0,1.0
2010-08-11,542.002,176.064,240.54286805555554,1.6716666666666666,0.0,542.0,4118.0,4373.366666666667,0.9749279121818236,-0.22252093395631434,-0.8660254037844384,-0.5000000000000004,4.6899999999999995,12.0,3.0,1.0
2010-08-12,529.698,169.098,240.79493055555557,1.6237499999999998,0.0,514.0,3982.0,4332.3,0.43388373911755823,-0.900968867902419,-0.8660254037844384,-0.5000000000000004,4.6899999999999995,12.0,3.0,1.0
2010-08-13,534.294,165.538,240.99115972222222,1.6345833333333335,0.0,508.0,4097.0,4299.9,-0.433883739117558,-0.9009688679024191,-0.8660254037844384,-0.5000000000000004,4.6899999999999995,12.0,3.0,1.0
2010-08-14,554.27,160.51,241.165875,1.683472222222222,0.0,512.0,4471.0,4254.833333333333,-0.9749279121818236,-0.2225209339563146,-0.8660254037844384,-0.5000000000000004,4.6899999999999995,12.0,3.0,1.0
2010-08-15,1055.986,206.77,241.686625,3.161388888888889,0.0,4361.0,5282.0,7956.766666666666,-0.7818314824680299,0.6234898018587334,-0.8660254037844384,-0.5000000000000004,4.6899999999999995,12.0,3.0,1.0
2010-08-16,1129.73,185.016,241.07695833333335,3.4175,1530.0,463.0,7328.0,9507.833333333334,0.0,1.0,-0.8660254037844384,-0.5000000000000004,4.6899999999999995,12.0,3.0,1.0
2010-08-17,1060.529,159.685,241.17539583333334,3.1352430555555557,940.0,789.5,5807.25,10138.733333333334,0.7818314824680298,0.6234898018587336,-0.8660254037844384,-0.5000000000000004,4.6899999999999995,12.0,3.0,1.0
2010-08-18,688.5886666666667,172.20933333333335,241.01904166666665,2.09625,323.0,532.0,5731.0,4890.477777777778,0.9749279121818236,-0.22252093395631434,-0.8660254037844384,-0.5000000000000004,4.6899999999999995,12.0,3.0,1.0
2010-08-19,606.8086666666667,173.624,241.4893773148148,1.8529629629629627,0.0,523.0,4357.666666666667,5232.811111111111,0.43388373911755823,-0.900968867902419,-0.8660254037844384,-0.5000000000000004,4.6899999999999995,12.0,3.0,1.0
2010-08-20,1029.8966666666668,211.48,240.93461805555555,3.077407407407407,310.0,2866.0,6917.0,7071.944444444444,-0.433883739117558,-0.9009688679024191,-0.8660254037844384,-0.5000000000000004,4.6899999999999995,12.0,3.0,1.0
2010-08-21,841.534,188.68,241.6855949074074,2.5277777777777777,695.3333333333334,527.0,7140.666666666667,5662.566666666667,-0.9749279121818236,-0.2225209339563146,-0.8660254037844384,-0.5000000000000004,4.6899999999999995,12.0,3.0,1.0
2010-08-22,914.45,193.9925,241.02702430555553,2.760381944444444,608.0,1490.5,5948.75,7193.583333333333,-0.7818314824680299,0.6234898018587334,-0.8660254037844384,-0.5000000000000004,4.6899999999999995,12.0,3.0,1.0
2010-08-23,765.658,206.796,242.0454236111111,2.3279166666666664,0.0,565.0,6106.0,6089.966666666666,0.0,1.0,-0.8660254037844384,-0.5000000000000004,4.6899999999999995,12.0,3.0,1.0
2010-08-24,722.948,175.458,241.6081597222222,2.254861111111111,0.0,541.0,5712.0,5796.133333333333,0.7818314824680298,0.6234898018587336,-0.8660254037844384,-0.5000000000000004,4.6899999999999995,12.0,3.0,1.0
2010-08-25,980.408,161.132,241.11630555555556,2.9448611111111114,969.0,522.0,8959.0,5890.133333333333,0.9749279121818236,-0.22252093395631434,-0.8660254037844384,-0.5000000000000004,4.6899999999999995,12.0,3.0,1.0
2010-08-26,757.252,178.094,241.8138125,2.3005555555555555,0.0,538.0,5078.0,7004.866666666667,0.43388373911755823,-0.900968867902419,-0.8660254037844384,-0.5000000000000004,4.6899999999999995,12.0,3.0,1.0
2010-08-27,2030.65,304.318,240.85945833333332,5.994027777777777,930.0,7583.0,12707.0,12624.166666666666,-0.433883739117558,-0.9009688679024191,-0.8660254037844384,-0.5000000000000004,4.6899999999999995,12.0,3.0,1.0
2010-08-28,1442.856,237.504,242.56586111111113,4.281805555555556,2086.0,549.0,12983.0,8429.6,-0.9749279121818236,-0.2225209339563146,-0.8660254037844384,-0.5000000000000004,4.6899999999999995,12.0,3.0,1.0
2010-08-29,1668.48,191.694,241.00794444444443,4.937777777777778,3005.0,534.0,13095.0,11174.0,-0.7818314824680299,0.6234898018587334,-0.8660254037844384,-0.5000000000000004,4.6899999999999995,12.0,3.0,1.0
2010-08-30,1494.802,180.656,241.37439583333332,4.3825,940.0,1470.0,11790.0,10713.366666666667,0.0,1.0,-0.8660254037844384,-0.5000000000000004,4.6899999999999995,12.0,3.0,1.0
2010-08-31,1365.106,168.46,241.19238888888887,4.103472222222222,2099.0,1723.0,7958.0,10971.766666666666,0.7818314824680298,0.6234898018587336,-0.8660254037844384,-0.5000000000000004,4.6899999999999995,12.0,3.0,1.0
2010-09-01,1593.318,180.18,241.26284027777777,4.691666666666666,1947.0,1194.0,13990.0,9424.3,0.9749279121818236,-0.22252093395631434,-1.0,-1.8369701987210297e-16,6.63,9.0,5.0,2.0
2010-09-02,1392.492,170.312,240.94371527777778,4.08875,929.0,500.0,11785.0,9994.2,0.43388373911755823,-0.900968867902419,-1.0,-1.8369701987210297e-16,6.63,9.0,5.0,2.0
2010-09-03,1346.414,168.596,240.5336736111111,3.9734722222222225,940.0,523.0,9747.0,11230.233333333334,-0.433883739117558,-0.9009688679024191,-1.0,-1.8369701987210297e-16,6.63,9.0,5.0,2.0
2010-09-04,1743.84,218.024,241.10194444444443,5.173472222222222,2605.0,734.0,13241.0,12484.0,-0.9749279121818236,-0.2225209339563146,-1.0,-1.8369701987210297e-16,6.63,9.0,5.0,2.0
2010-09-05,1323.018,187.01,242.14060416666663,3.96375,1609.0,2732.0,7471.0,10238.3,-0.7818314824680299,0.6234898018587334,-1.0,-1.8369701987210297e-16,6.63,9.0,5.0,2.0
2010-09-06,1422.876,161.204,241.84175,4.206944444444445,3164.0,532.0,10174.0,9844.6,0.0,1.0,-1.0,-1.8369701987210297e-16,6.63,9.0,5.0,2.0
2010-09-07,1451.854,167.962,241.2751597222222,4.307083333333333,1929.0,922.0,11829.0,9517.566666666668,0.7818314824680298,0.6234898018587336,-1.0,-1.8369701987210297e-16,6.63,9.0,5.0,2.0
2010-09-08,1303.812,171.182,240.98400694444442,3.8720833333333333,1.0,495.0,7478.0,13756.2,0.9749279121818236,-0.22252093395631434,-1.0,-1.8369701987210297e-16,6.63,9.0,5.0,2.0
2010-09-09,1238.714,167.954,240.6032152777778,3.701666666666666,1813.0,2128.0,7016.0,9688.233333333334,0.43388373911755823,-0.900968867902419,-1.0,-1.8369701987210297e-16,6.63,9.0,5.0,2.0
2010-09-10,1328.108,200.052,241.8182013888889,3.921527777777778,966.0,654.0,10773.0,9742.133333333333,-0.433883739117558,-0.9009688679024191,-1.0,-1.8369701987210297e-16,6.63,9.0,5.0,2.0
2010-09-11,1463.31,235.63,241.67075,4.311944444444444,930.0,1427.0,8996.0,13035.5,-0.9749279121818236,-0.2225209339563146,-1.0,-1.8369701987210297e-16,6.63,9.0,5.0,2.0
2010-09-12,1612.092,201.358,241.61972222222224,4.755694444444444,1805.0,2080.0,8891.0,14092.2,-0.7818314824680299,0.6234898018587334,-1.0,-1.8369701987210297e-16,6.63,9.0,5.0,2.0
2010-09-13,1076.32,189.798,241.15527083333336,3.241111111111111,1301.0,798.0,6710.0,9129.666666666666,0.0,1.0,-1.0,-1.8369701987210297e-16,6.63,9.0,5.0,2.0
2010-09-14,1430.678,197.004,240.94131944444445,4.237361111111111,1874.0,2705.0,10270.0,8995.633333333333,0.7818314824680298,0.6234898018587336,-1.0,-1.8369701987210297e-16,6.63,9.0,5.0,2.0
2010-09-15,986.094,219.558,241.29677777777778,2.9531944444444447,0.0,898.0,6018.0,9518.9,0.9749279121818236,-0.22252093395631434,-1.0,-1.8369701987210297e-16,6.63,9.0,5.0,2.0
2010-09-16,1339.738,171.35,240.41177083333335,3.9340277777777777,1038.0,739.0,10310.0,10241.966666666667,0.43388373911755823,-0.900968867902419,-1.0,-1.8369701987210297e-16,6.63,9.0,5.0,2.0
2010-09-17,1497.608,196.642,240.814875,4.427777777777778,1954.0,5496.0,9727.0,7783.133333333333,-0.433883739117558,-0.9009688679024191,-1.0,-1.8369701987210297e-16,6.63,9.0,5.0,2.0
2010-09-18,1247.946,161.978,241.55907638888888,3.662361111111111,982.0,754.0,11779.0,7284.1,-0.9749279121818236,-0.2225209339563146,-1.0,-1.8369701987210297e-16,6.63,9.0,5.0,2.0
2010-09-19,919.6,147.406,241.71130555555558,2.7115277777777775,0.0,1307.0,5156.0,8863.666666666666,-0.7818314824680299,0.6234898018587334,-1.0,-1.8369701987210297e-16,6.63,9.0,5.0,2.0
2010-09-20,1682.832,195.214,241.4937361111111,4.985972222222222,3323.0,766.0,13262.0,10696.2,0.0,1.0,-1.0,-1.8369701987210297e-16,6.63,9.0,5.0,2.0
2010-09-21,1111.376,179.714,240.91864583333333,3.311527777777778,0.0,679.0,7969.0,9874.933333333332,0.7818314824680298,0.6234898018587336,-1.0,-1.8369701987210297e-16,6.63,9.0,5.0,2.0
2010-09-22,1510.394,188.33,240.65502777777778,4.468055555555556,2472.0,1167.0,11768.0,9766.233333333334,0.9749279121818236,-0.22252093395631434,-1.0,-1.8369701987210297e-16,6.63,9.0,5.0,2.0
2010-09-23,1449.862,164.938,240.7245,4.227777777777778,1021.0,755.0,12002.0,10386.366666666667,0.43388373911755823,-0.900968867902419,-1.0,-1.8369701987210297e-16,6.63,9.0,5.0,2.0
2010-09-24,1327.992,185.256,240.58872222222223,3.923611111111111,1739.0,773.0,8666.0,10955.2,-0.433883739117558,-0.9009688679024191,-1.0,-1.8369701987210297e-16,6.63,9.0,5.0,2.0
2010-09-25,1487.006,200.666,241.12303935185184,4.384537037037037,1505.6666666666667,1009.3333333333333,11715.666666666666,10552.766666666666,-0.9749279121818236,-0.2225209339563146,-1.0,-1.8369701987210297e-16,6.63,9.0,5.0,2.0
2010-09-26,1284.9033333333334,178.59133333333332,241.82387731481484,3.810324074074074,1138.0,2039.6666666666667,7172.666666666667,11064.722222222223,-0.7818314824680299,0.6234898018587334,-1.0,-1.8369701987210297e-16,6.63,9.0,5.0,2.0
2010-09-27,1394.0093333333334,182.072,241.49691898148149,4.144675925925926,2596.0,698.6666666666666,10048.666666666666,9890.155555555555,0.0,1.0,-1.0,-1.8369701987210297e-16,6.63,9.0,5.0,2.0
2010-09-28,1324.3766666666666,170.58066666666667,240.76539814814817,3.930324074074074,1442.0,1496.3333333333333,7853.666666666667,11280.944444444445,0.7818314824680298,0.6234898018587336,-1.0,-1.8369701987210297e-16,6.63,9.0,5.0,2.0
2010-09-29,1684.426,139.41,241.22340972222224,4.879166666666666,1579.0,648.0,13047.0,12799.766666666666,0.9749279121818236,-0.22252093395631434,-1.0,-1.8369701987210297e-16,6.63,9.0,5.0,2.0
2010-09-30,1248.278,153.236,242.30779166666665,3.6041666666666665,0.0,771.0,7988.0,12045.633333333333,0.43388373911755823,-0.900968867902419,-1.0,-1.8369701987210297e-16,6.63,9.0,5.0,2.0
2010-10-01,1504.82,157.784,240.80197916666665,4.372638888888889,1752.0,724.0,11307.0,11297.333333333334,-0.433883739117558,-0.9009688679024191,-0.8660254037844386,0.5000000000000001,3.95,8.0,3.0,0.0
2010-10-02,1923.254,166.086,240.70345833333332,5.584305555555555,3972.0,741.0,13532.0,13809.233333333334,-0.9749279121818236,-0.2225209339563146,-0.8660254037844386,0.5000000000000001,3.95,8.0,3.0,0.0
2010-10-03,1830.684,202.814,241.93284027777776,5.398472222222223,5000.0,2564.0,7738.0,15209.4,-0.7818314824680299,0.6234898018587334,-0.8660254037844386,0.5000000000000001,3.95,8.0,3.0,0.0
2010-10-04,1775.96,187.584,240.62145833333335,5.197916666666667,1709.0,722.0,8252.0,18916.333333333332,0.0,1.0,-0.8660254037844386,0.5000000000000001,3.95,8.0,3.0,0.0
2010-10-05,1854.624,212.642,239.91899999999998,5.422083333333333,0.0,3012.0,12037.0,15861.4,0.7818314824680298,0.6234898018587336,-0.8660254037844386,0.5000000000000001,3.95,8.0,3.0,0.0
2010-10-06,1315.456,140.568,241.27625,3.815555555555555,1016.0,527.0,8055.0,12326.266666666666,0.9749279121818236,-0.22252093395631434,-0.8660254037844386,0.5000000000000001,3.95,8.0,3.0,0.0
2010-10-07,1809.954,180.096,241.60523611111108,5.287638888888889,2159.0,543.0,12666.0,14797.9,0.43388373911755823,-0.900968867902419,-0.8660254037844386,0.5000000000000001,3.95,8.0,3.0,0.0
2010-10-08,1510.456,200.616,240.98219444444445,4.433472222222222,964.0,710.0,9927.0,13573.266666666666,-0.433883739117558,-0.9009688679024191,-0.8660254037844386,0.5000000000000001,3.95,8.0,3.0,0.0
2010-10-09,1611.78,254.02,240.1984375,4.740972222222222,959.0,1585.0,13132.0,11187.0,-0.9749279121818236,-0.2225209339563146,-0.8660254037844386,0.5000000000000001,3.95,8.0,3.0,0.0
2010-10-10,1998.904,327.446,240.3423472222222,5.9181944444444445,3325.0,773.0,10297.0,18920.066666666666,-0.7818314824680299,0.6234898018587334,-0.8660254037844386,0.5000000000000001,3.95,8.0,3.0,0.0
2010-10-11,1622.59,268.53,239.92619444444443,4.820416666666667,1007.0,5006.0,8734.0,12296.166666666666,0.0,1.0,-0.8660254037844386,0.5000000000000001,3.95,8.0,3.0,0.0
2010-10-12,1579.692,170.268,240.26067361111112,4.681388888888889,1104.0,780.0,9812.0,14632.2,0.7818314824680298,0.6234898018587336,-0.8660254037844386,0.5000000000000001,3.95,8.0,3.0,0.0
2010-10-13,2073.886,172.644,240.79931944444445,6.015833333333333,1988.0,611.0,16593.0,15372.766666666666,0.9749279121818236,-0.22252093395631434,-0.8660254037844386,0.5000000000000001,3.95,8.0,3.0,0.0
2010-10-14,2135.122,215.944,240.90321527777778,6.261111111111111,2583.0,2441.0,14239.0,16322.366666666667,0.43388373911755823,-0.900968867902419,-0.8660254037844386,0.5000000000000001,3.95,8.0,3.0,0.0
2010-10-15,1596.324,201.54,240.7949444444444,4.6883333333333335,712.0,827.0,10786.0,14280.4,-0.433883739117558,-0.9009688679024191,-0.8660254037844386,0.5000000000000001,3.95,8.0,3.0,0.0
2010-10-16,1000.014,167.938,241.91749305555555,2.936111111111111,0.0,645.0,7656.0,8365.9,-0.9749279121818236,-0.2225209339563146,-0.8660254037844386,0.5000000000000001,3.95,8.0,3.0,0.0
2010-10-17,1047.382,185.494,242.2758263888889,3.0640277777777776,995.0,666.0,4681.0,11114.366666666667,-0.7818314824680299,0.6234898018587334,-0.8660254037844386,0.5000000000000001,3.95,8.0,3.0,0.0
2010-10-18,2713.884,261.184,241.81618055555555,7.903333333333332,2234.0,10218.0,16382.0,16397.4,0.0,1.0,-0.8660254037844386,0.5000000000000001,3.95,8.0,3.0,0.0
2010-10-19,1925.978,219.57,241.9127847222222,5.6530555555555555,1025.0,4110.0,9461.0,17503.633333333335,0.7818314824680298,0.6234898018587336,-0.8660254037844386,0.5000000000000001,3.95,8.0,3.0,0.0
2010-10-20,1727.964,162.564,242.248125,5.033611111111111,2154.0,690.0,10330.0,15625.4,0.9749279121818236,-0.22252093395631434,-0.8660254037844386,0.5000000000000001,3.95,8.0,3.0,0.0
2010-10-21,1355.198,181.434,243.47242361111108,3.9468055555555552,755.0,691.0,6757.0,14383.633333333333,0.43388373911755823,-0.900968867902419,-0.8660254037844386,0.5000000000000001,3.95,8.0,3.0,0.0
2010-10-22,1668.892,148.522,242.79820138888888,4.783194444444445,1106.0,478.0,12697.0,13533.866666666667,-0.433883739117558,-0.9009688679024191,-0.8660254037844386,0.5000000000000001,3.95,8.0,3.0,0.0
2010-10-23,2293.236,213.112,242.24353472222222,6.689722222222223,3737.0,3883.0,13465.0,17135.6,-0.9749279121818236,-0.2225209339563146,-0.8660254037844386,0.5000000000000001,3.95,8.0,3.0,0.0
2010-10-24,2391.2665,269.355,243.0229809027778,6.967986111111111,1982.25,7541.5,13242.0,17088.691666666666,-0.7818314824680299,0.6234898018587334,-0.8660254037844386,0.5000000000000001,3.95,8.0,3.0,0.0
2010-10-25,1163.292,159.328,242.40615277777778,3.3922222222222222,0.0,541.0,6748.0,12099.2,0.0,1.0,-0.8660254037844386,0.5000000000000001,3.95,8.0,3.0,0.0
2010-10-26,945.904,173.266,244.89095833333332,2.7504166666666667,0.0,2488.0,4989.0,8288.066666666668,0.7818314824680298,0.6234898018587336,-0.8660254037844386,0.5000000000000001,3.95,8.0,3.0,0.0
2010-10-27,1260.278,153.832,246.1087083333333,3.622916666666667,0.0,2058.0,8269.0,10677.633333333333,0.9749279121818236,-0.22252093395631434,-0.8660254037844386,0.5000000000000001,3.95,8.0,3.0,0.0
2010-10-28,1463.326,187.24,246.25389583333333,4.200138888888889,1103.0,2627.0,9087.0,11571.766666666666,0.43388373911755823,-0.900968867902419,-0.8660254037844386,0.5000000000000001,3.95,8.0,3.0,0.0
2010-10-29,1204.422,195.72,245.74310416666668,3.5119444444444445,1075.0,726.0,3911.0,14361.7,-0.433883739117558,-0.9009688679024191,-0.8660254037844386,0.5000000000000001,3.95,8.0,3.0,0.0
2010-10-30,2152.7,195.32,243.26736805555555,6.229027777777778,2353.0,614.0,15303.0,17608.333333333332,-0.9749279121818236,-0.2225209339563146,-0.8660254037844386,0.5000000000000001,3.95,8.0,3.0,0.0
2010-10-31,1476.43,208.082,245.49527777777777,4.235138888888889,1430.0,678.0,5589.0,16910.166666666668,-0.7818314824680299,0.6234898018587334,-0.8660254037844386,0.5000000000000001,3.95,8.0,3.0,0.0
2010-11-01,1383.18,187.086,246.37959722222223,3.937638888888889,0.0,634.0,8746.0,13673.0,0.0,1.0,-0.5000000000000004,0.8660254037844384,8.09,14.0,6.0,3.0
2010-11-02,1191.082,186.52,245.78691666666666,3.4218055555555553,0.0,574.0,5784.0,13493.366666666667,0.7818314824680298,0.6234898018587336,-0.5000000000000004,0.8660254037844384,8.09,14.0,6.0,3.0
2010-11-03,1293.298,176.264,244.27853472222225,3.7595833333333335,1021.0,1108.0,6529.0,12896.966666666667,0.9749279121818236,-0.22252093395631434,-0.5000000000000004,0.8660254037844384,8.09,14.0,6.0,3.0
2010-11-04,2555.146,252.438,243.15222916666667,7.4961111111111105,6029.0,11193.0,10286.0,15077.766666666666,0.43388373911755823,-0.900968867902419,-0.5000000000000004,0.8660254037844384,8.09,14.0,6.0,3.0
2010-11-05,1736.088,180.498,243.77503472222222,5.053333333333334,0.0,790.0,12610.0,15534.8,-0.433883739117558,-0.9009688679024191,-0.5000000000000004,0.8660254037844384,8.09,14.0,6.0,3.0
2010-11-06,1805.408,193.958,238.43022222222223,5.345138888888889,3255.0,680.0,9803.0,16352.133333333333,-0.9749279121818236,-0.2225209339563146,-0.5000000000000004,0.8660254037844384,8.09,14.0,6.0,3.0
2010-11-07,1673.816,174.976,238.4364861111111,4.965972222222222,1026.0,621.0,6943.0,19306.933333333334,-0.7818314824680299,0.6234898018587334,-0.5000000000000004,0.8660254037844384,8.09,14.0,6.0,3.0
2010-11-08,1825.54,145.656,237.7430625,5.373194444444445,1087.0,555.0,13038.0,15745.666666666666,0.0,1.0,-0.5000000000000004,0.8660254037844384,8.09,14.0,6.0,3.0
2010-11-09,2022.098,154.67,237.78809027777777,5.985972222222221,2097.0,583.0,12500.0,18521.633333333335,0.7818314824680298,0.6234898018587336,-0.5000000000000004,0.8660254037844384,8.09,14.0,6.0,3.0
2010-11-10,1946.534,153.472,239.08477083333335,5.716666666666667,1026.0,5858.0,13308.0,12250.233333333334,0.9749279121818236,-0.22252093395631434,-0.5000000000000004,0.8660254037844384,8.09,14.0,6.0,3.0
2010-11-11,1773.592,152.188,238.72870833333334,5.2555555555555555,3424.0,2216.0,6259.0,17660.866666666665,0.43388373911755823,-0.900968867902419,-0.5000000000000004,0.8660254037844384,8.09,14.0,6.0,3.0
2010-11-12,1836.822,151.144,238.83789583333333,5.434861111111111,2054.0,489.0,10308.0,17762.7,-0.433883739117558,-0.9009688679024191,-0.5000000000000004,0.8660254037844384,8.09,14.0,6.0,3.0
2010-11-13,2023.174,162.18,239.33274305555557,5.919583333333334,1051.0,589.0,13853.0,18226.566666666666,-0.9749279121818236,-0.2225209339563146,-0.5000000000000004,0.8660254037844384,8.09,14.0,6.0,3.0
2010-11-14,2038.392,203.694,239.2797986111111,6.032361111111111,5344.0,549.0,8758.0,19322.2,-0.7818314824680299,0.6234898018587334,-0.5000000000000004,0.8660254037844384,8.09,14.0,6.0,3.0
2010-11-15,1747.382,126.716,239.54924305555554,5.125694444444444,1075.0,4222.0,8918.0,14908.033333333333,0.0,1.0,-0.5000000000000004,0.8660254037844384,8.09,14.0,6.0,3.0
2010-11-16,1509.748,133.598,241.19761111111112,4.403611111111111,0.0,478.0,7949.0,16735.466666666667,0.7818314824680298,0.6234898018587336,-0.5000000000000004,0.8660254037844384,8.09,14.0,6.0,3.0
2010-11-17,1582.032,141.916,241.45224305555556,4.63125,1153.0,491.0,8915.0,15808.2,0.9749279121818236,-0.22252093395631434,-0.5000000000000004,0.8660254037844384,8.09,14.0,6.0,3.0
2010-11-18,1652.152,206.196,241.01675,4.876944444444445,2175.0,489.0,9449.0,15422.866666666667,0.43388373911755823,-0.900968867902419,-0.5000000000000004,0.8660254037844384,8.09,14.0,6.0,3.0
2010-11-19,1570.4,122.928,240.04675694444447,4.5784722222222225,0.0,483.0,11914.0,13776.333333333334,-0.433883739117558,-0.9009688679024191,-0.5000000000000004,0.8660254037844384,8.09,14.0,6.0,3.0
2010-11-20,2197.006,153.768,240.60833333333332,6.472361111111112,4367.0,2947.0,11433.0,17869.766666666666,-0.9749279121818236,-0.2225209339563146,-0.5000000000000004,0.8660254037844384,8.09,14.0,6.0,3.0
2010-11-21,900.91,119.624,241.18019444444442,2.6379166666666665,0.0,506.0,4778.0,9731.166666666666,-0.7818314824680299,0.6234898018587334,-0.5000000000000004,0.8660254037844384,8.09,14.0,6.0,3.0
2010-11-22,2041.536,142.354,240.19711805555553,6.014166666666666,4855.0,2110.0,10136.0,16924.6,0.0,1.0,-0.5000000000000004,0.8660254037844384,8.09,14.0,6.0,3.0
2010-11-23,1577.536,137.45,240.57552777777778,4.674444444444444,1871.0,458.0,7611.0,16352.266666666666,0.7818314824680298,0.6234898018587336,-0.5000000000000004,0.8660254037844384,8.09,14.0,6.0,3.0
2010-11-24,1796.248,132.46,240.0309652777778,5.249583333333333,1096.0,2848.0,12224.0,13769.466666666667,0.9749279121818236,-0.22252093395631434,-0.5000000000000004,0.8660254037844384,8.09,14.0,6.0,3.0
2010-11-25,1431.164,116.128,241.53625694444446,4.169444444444444,1076.0,426.0,5072.0,17278.733333333334,0.43388373911755823,-0.900968867902419,-0.5000000000000004,0.8660254037844384,8.09,14.0,6.0,3.0
